Time,POE,Lane,Open Lanes,Stacked Lanes,Volume,Capacity,Unprocessed,Wait Time,NB POV Toll,NB Trk Toll,SB POV Toll,SB Trk Toll
1,"SY","POV_GP",7.500000,5.500000,1046.072113,538.000000,508.072113,28.331159,2.000000,10.000000,1.000000,5.000000
1,"SY","POV_RE",3.500000,2.500000,398.076647,261.500000,136.576647,15.668449,2.000000,10.000000,1.000000,5.000000
1,"SY","POV_SE",0.500000,0.000000,71.688227,72.500000,0.000000,0.000000,2.000000,10.000000,1.000000,5.000000
1,"SY","POV_SB",4.000000,0.000000,1116.280403,2460.000000,0.000000,0.000000,2.000000,10.000000,1.000000,5.000000
1,"OM","POV_GP",3.500000,0.000000,390.902155,210.000000,180.902155,25.843165,2.000000,10.000000,1.000000,5.000000
1,"OM","POV_RE",1.500000,0.000000,142.536275,103.500000,39.036275,11.314862,2.000000,10.000000,1.000000,5.000000
1,"OM","POV_SE",0.000000,0.000000,0.000000,1.000000,0.000000,0.000000,2.000000,10.000000,1.000000,5.000000
1,"OM","POV_SB",2.000000,0.000000,725.348808,1230.000000,0.000000,0.000000,2.000000,10.000000,1.000000,5.000000
1,"OM","COM_GP",0.500000,0.000000,0.000000,9.500000,0.000000,40.000000,2.000000,10.000000,1.000000,5.000000
1,"OM","COM_SP",0.500000,0.000000,0.000000,10.500000,0.000000,40.000000,2.000000,10.000000,1.000000,5.000000
1,"OM","COM_SB",4.000000,0.000000,0.000000,200.000000,0.000000,0.000000,2.000000,10.000000,1.000000,5.000000
1,"OME","POV_GP",3.500000,0.500000,285.554241,218.000000,67.554241,9.296455,2.000000,10.000000,1.000000,5.000000
1,"OME","POV_RE",1.000000,0.000000,50.313893,69.000000,0.000000,0.000000,2.000000,10.000000,1.000000,5.000000
1,"OME","POV_SE",0.500000,0.000000,0.000000,72.500000,0.000000,0.000000,2.000000,10.000000,1.000000,5.000000
1,"OME","POV_SB",3.000000,0.000000,0.000000,1845.000000,0.000000,0.000000,2.000000,10.000000,1.000000,5.000000
1,"OME","COM_GP",0.500000,0.000000,0.000000,9.500000,0.000000,0.000000,2.000000,10.000000,1.000000,5.000000
1,"OME","COM_SP",0.500000,0.000000,0.000000,10.500000,0.000000,0.000000,2.000000,10.000000,1.000000,5.000000
1,"OME","COM_SB",4.000000,0.000000,0.000000,200.000000,0.000000,0.000000,2.000000,10.000000,1.000000,5.000000
2,"SY","POV_GP",7.500000,0.500000,877.929007,458.000000,419.929007,27.506267,2.000000,10.000000,1.000000,5.000000
2,"SY","POV_RE",3.500000,0.500000,390.217902,245.500000,144.717902,17.684469,2.000000,10.000000,1.000000,5.000000
2,"SY","POV_SE",0.500000,0.000000,107.272995,72.500000,34.772995,14.388826,2.000000,10.000000,1.000000,5.000000
2,"SY","POV_SB",4.000000,0.000000,1015.163391,2460.000000,0.000000,0.000000,2.000000,10.000000,1.000000,5.000000
2,"OM","POV_GP",2.000000,0.000000,226.594904,120.000000,106.594904,26.648726,2.000000,10.000000,1.000000,5.000000
2,"OM","POV_RE",1.500000,0.000000,149.781049,103.500000,46.281049,13.414797,2.000000,10.000000,1.000000,5.000000
2,"OM","POV_SE",0.000000,0.000000,0.000000,1.000000,0.000000,0.000000,2.000000,10.000000,1.000000,5.000000
2,"OM","POV_SB",2.000000,0.000000,570.086113,1230.000000,0.000000,0.000000,2.000000,10.000000,1.000000,5.000000
2,"OM","COM_GP",0.500000,0.000000,0.000000,9.500000,0.000000,40.000000,2.000000,10.000000,1.000000,5.000000
2,"OM","COM_SP",0.500000,0.000000,0.000000,10.500000,0.000000,40.000000,2.000000,10.000000,1.000000,5.000000
2,"OM","COM_SB",4.000000,0.000000,0.000000,200.000000,0.000000,0.000000,2.000000,10.000000,1.000000,5.000000
2,"OME","POV_GP",3.500000,0.000000,267.047202,210.000000,57.047202,8.149600,2.000000,10.000000,1.000000,5.000000
2,"OME","POV_RE",1.000000,0.000000,53.586181,69.000000,0.000000,0.000000,2.000000,10.000000,1.000000,5.000000
2,"OME","POV_SE",0.500000,0.000000,13.409124,72.500000,0.000000,0.000000,2.000000,10.000000,1.000000,5.000000
2,"OME","POV_SB",3.000000,0.000000,0.000000,1845.000000,0.000000,0.000000,2.000000,10.000000,1.000000,5.000000
2,"OME","COM_GP",0.500000,0.000000,0.000000,9.500000,0.000000,0.000000,2.000000,10.000000,1.000000,5.000000
2,"OME","COM_SP",0.500000,0.000000,0.000000,10.500000,0.000000,0.000000,2.000000,10.000000,1.000000,5.000000
2,"OME","COM_SB",4.000000,0.000000,0.000000,200.000000,0.000000,0.000000,2.000000,10.000000,1.000000,5.000000
3,"SY","POV_GP",13.500000,0.500000,1895.971281,818.000000,1077.971281,39.534399,3.500000,10.000000,1.000000,5.000000
3,"SY","POV_RE",6.000000,0.500000,720.875754,418.000000,302.875754,21.737494,3.500000,10.000000,1.000000,5.000000
3,"SY","POV_SE",1.000000,0.000000,124.013302,145.000000,0.000000,0.000000,3.500000,10.000000,1.000000,5.000000
3,"SY","POV_SB",4.000000,0.000000,701.456985,2460.000000,0.000000,0.000000,3.500000,10.000000,1.000000,5.000000
3,"OM","POV_GP",5.000000,0.000000,669.328676,300.000000,369.328676,36.932868,3.500000,10.000000,1.000000,5.000000
3,"OM","POV_RE",1.500000,0.000000,156.635689,103.500000,53.135689,15.401649,3.500000,10.000000,1.000000,5.000000
3,"OM","POV_SE",0.000000,0.000000,0.000000,1.000000,0.000000,0.000000,3.500000,10.000000,1.000000,5.000000
3,"OM","POV_SB",2.000000,0.000000,526.295822,1230.000000,0.000000,0.000000,3.500000,10.000000,1.000000,5.000000
3,"OM","COM_GP",0.500000,0.000000,0.000000,9.500000,0.000000,40.000000,3.500000,10.000000,1.000000,5.000000
3,"OM","COM_SP",0.500000,0.000000,0.000000,10.500000,0.000000,40.000000,3.500000,10.000000,1.000000,5.000000
3,"OM","COM_SB",4.000000,0.000000,0.000000,200.000000,0.000000,0.000000,3.500000,10.000000,1.000000,5.000000
3,"OME","POV_GP",3.500000,3.500000,368.419263,266.000000,102.419263,11.551045,3.500000,10.000000,1.000000,5.000000
3,"OME","POV_RE",1.000000,0.000000,12.536581,69.000000,0.000000,0.000000,3.500000,10.000000,1.000000,5.000000
3,"OME","POV_SE",0.500000,0.000000,0.000000,72.500000,0.000000,0.000000,3.500000,10.000000,1.000000,5.000000
3,"OME","POV_SB",3.000000,0.000000,0.000000,1845.000000,0.000000,0.000000,3.500000,10.000000,1.000000,5.000000
3,"OME","COM_GP",0.500000,0.000000,0.000000,9.500000,0.000000,0.000000,3.500000,10.000000,1.000000,5.000000
3,"OME","COM_SP",0.500000,0.000000,0.000000,10.500000,0.000000,0.000000,3.500000,10.000000,1.000000,5.000000
3,"OME","COM_SB",4.000000,0.000000,0.000000,200.000000,0.000000,0.000000,3.500000,10.000000,1.000000,5.000000
4,"SY","POV_GP",18.500000,9.000000,3116.404916,1254.000000,1862.404916,44.555142,5.527778,10.000000,1.000000,5.000000
4,"SY","POV_RE",10.000000,1.500000,1219.184759,702.000000,517.184759,22.101913,5.527778,10.000000,1.000000,5.000000
4,"SY","POV_SE",1.000000,0.000000,202.931258,145.000000,57.931258,11.985778,5.527778,10.000000,1.000000,5.000000
4,"SY","POV_SB",4.000000,0.000000,415.215630,2460.000000,0.000000,0.000000,5.527778,10.000000,1.000000,5.000000
4,"OM","POV_GP",3.500000,0.000000,526.939889,210.000000,316.939889,45.277127,5.527778,10.000000,1.000000,5.000000
4,"OM","POV_RE",3.000000,0.000000,367.684208,207.000000,160.684208,23.287566,5.527778,10.000000,1.000000,5.000000
4,"OM","POV_SE",0.000000,0.000000,0.000000,1.000000,0.000000,0.000000,5.527778,10.000000,1.000000,5.000000
4,"OM","POV_SB",2.000000,0.000000,122.732536,1230.000000,0.000000,0.000000,5.527778,10.000000,1.000000,5.000000
4,"OM","COM_GP",0.500000,0.000000,0.000000,9.500000,0.000000,40.000000,5.527778,10.000000,1.000000,5.000000
4,"OM","COM_SP",0.500000,0.000000,0.000000,10.500000,0.000000,40.000000,5.527778,10.000000,1.000000,5.000000
4,"OM","COM_SB",4.000000,0.000000,0.000000,200.000000,0.000000,0.000000,5.527778,10.000000,1.000000,5.000000
4,"OME","POV_GP",2.500000,2.500000,256.522605,190.000000,66.522605,10.503569,5.527778,10.000000,1.000000,5.000000
4,"OME","POV_RE",2.000000,1.500000,170.108777,150.000000,20.108777,4.021755,5.527778,10.000000,1.000000,5.000000
4,"OME","POV_SE",0.500000,0.000000,16.912687,72.500000,0.000000,0.000000,5.527778,10.000000,1.000000,5.000000
4,"OME","POV_SB",3.000000,0.000000,0.000000,1845.000000,0.000000,0.000000,5.527778,10.000000,1.000000,5.000000
4,"OME","COM_GP",0.500000,0.000000,0.000000,9.500000,0.000000,0.000000,5.527778,10.000000,1.000000,5.000000
4,"OME","COM_SP",0.500000,0.000000,0.000000,10.500000,0.000000,0.000000,5.527778,10.000000,1.000000,5.000000
4,"OME","COM_SB",4.000000,0.000000,0.000000,200.000000,0.000000,0.000000,5.527778,10.000000,1.000000,5.000000
5,"SY","POV_GP",17.000000,17.000000,4833.053896,1292.000000,3541.053896,82.222614,16.676506,10.000000,1.000000,5.000000
5,"SY","POV_RE",10.000000,10.000000,2070.492026,770.000000,1300.492026,50.668520,16.676506,10.000000,1.000000,5.000000
5,"SY","POV_SE",2.500000,0.000000,493.700638,362.500000,131.200638,10.857984,16.676506,10.000000,1.000000,5.000000
5,"SY","POV_SB",4.000000,0.000000,494.862091,2460.000000,0.000000,0.000000,16.676506,10.000000,1.000000,5.000000
5,"OM","POV_GP",3.000000,0.000000,702.887939,180.000000,522.887939,87.147990,16.676506,10.000000,1.000000,5.000000
5,"OM","POV_RE",3.500000,0.000000,652.548968,241.500000,411.048968,51.061984,16.676506,10.000000,1.000000,5.000000
5,"OM","POV_SE",0.000000,0.000000,0.000000,1.000000,0.000000,0.000000,16.676506,10.000000,1.000000,5.000000
5,"OM","POV_SB",2.000000,0.000000,342.094856,1230.000000,0.000000,0.000000,16.676506,10.000000,1.000000,5.000000
5,"OM","COM_GP",0.500000,0.000000,0.000000,9.500000,0.000000,40.000000,16.676506,10.000000,1.000000,5.000000
5,"OM","COM_SP",0.500000,0.000000,0.000000,10.500000,0.000000,40.000000,16.676506,10.000000,1.000000,5.000000
5,"OM","COM_SB",4.000000,0.000000,0.000000,200.000000,0.000000,0.000000,16.676506,10.000000,1.000000,5.000000
5,"OME","POV_GP",1.000000,1.000000,89.954424,76.000000,13.954424,5.508325,16.676506,10.000000,1.000000,5.000000
5,"OME","POV_RE",3.500000,3.000000,276.253393,265.500000,10.753393,1.215073,16.676506,10.000000,1.000000,5.000000
5,"OME","POV_SE",0.500000,0.000000,2.234746,72.500000,0.000000,0.000000,16.676506,10.000000,1.000000,5.000000
5,"OME","POV_SB",3.000000,0.000000,0.000000,1845.000000,0.000000,0.000000,16.676506,10.000000,1.000000,5.000000
5,"OME","COM_GP",0.500000,0.000000,0.000000,9.500000,0.000000,0.000000,16.676506,10.000000,1.000000,5.000000
5,"OME","COM_SP",0.500000,0.000000,0.000000,10.500000,0.000000,0.000000,16.676506,10.000000,1.000000,5.000000
5,"OME","COM_SB",4.000000,0.000000,0.000000,200.000000,0.000000,0.000000,16.676506,10.000000,1.000000,5.000000
6,"SY","POV_GP",13.500000,13.500000,5211.072408,1026.000000,4185.072408,122.370538,21.709117,10.000000,1.000000,5.000000
6,"SY","POV_RE",11.000000,11.000000,2716.744658,847.000000,1869.744658,66.224722,21.709117,10.000000,1.000000,5.000000
6,"SY","POV_SE",5.000000,0.000000,1005.136450,725.000000,280.136450,11.591853,21.709117,10.000000,1.000000,5.000000
6,"SY","POV_SB",4.000000,0.000000,727.287374,2460.000000,0.000000,0.000000,21.709117,10.000000,1.000000,5.000000
6,"OM","POV_GP",4.500000,0.000000,1543.160389,270.000000,1273.160389,141.462265,21.709117,10.000000,1.000000,5.000000
6,"OM","POV_RE",4.500000,0.000000,1021.263319,310.500000,710.763319,68.672784,21.709117,10.000000,1.000000,5.000000
6,"OM","POV_SE",3.000000,0.000000,579.230165,435.000000,144.230165,9.946908,21.709117,10.000000,1.000000,5.000000
6,"OM","POV_SB",2.000000,0.000000,385.169344,1230.000000,0.000000,0.000000,21.709117,10.000000,1.000000,5.000000
6,"OM","COM_GP",0.500000,0.000000,0.000000,9.500000,0.000000,40.000000,21.709117,10.000000,1.000000,5.000000
6,"OM","COM_SP",0.500000,0.000000,0.000000,10.500000,0.000000,40.000000,21.709117,10.000000,1.000000,5.000000
6,"OM","COM_SB",4.000000,0.000000,0.000000,200.000000,0.000000,0.000000,21.709117,10.000000,1.000000,5.000000
6,"OME","POV_GP",6.000000,6.000000,712.710565,456.000000,256.710565,16.888853,21.709117,10.000000,1.000000,5.000000
6,"OME","POV_RE",2.500000,2.500000,248.986552,192.500000,56.486552,8.803099,21.709117,10.000000,1.000000,5.000000
6,"OME","POV_SE",0.500000,0.000000,0.000000,72.500000,0.000000,0.000000,21.709117,10.000000,1.000000,5.000000
6,"OME","POV_SB",3.000000,0.000000,0.000000,1845.000000,0.000000,0.000000,21.709117,10.000000,1.000000,5.000000
6,"OME","COM_GP",0.500000,0.000000,0.000000,9.500000,0.000000,0.000000,21.709117,10.000000,1.000000,5.000000
6,"OME","COM_SP",0.500000,0.000000,0.000000,10.500000,0.000000,0.000000,21.709117,10.000000,1.000000,5.000000
6,"OME","COM_SB",4.000000,0.000000,0.000000,200.000000,0.000000,0.000000,21.709117,10.000000,1.000000,5.000000
7,"SY","POV_GP",12.000000,12.000000,5761.758561,912.000000,4849.758561,159.531532,37.477581,20.460836,1.000000,5.000000
7,"SY","POV_RE",12.000000,12.000000,3655.492622,924.000000,2731.492622,88.684825,37.477581,20.460836,1.000000,5.000000
7,"SY","POV_SE",5.500000,0.000000,1229.558132,797.500000,432.058132,16.252971,37.477581,20.460836,1.000000,5.000000
7,"SY","POV_SB",4.000000,0.000000,1762.926642,2460.000000,0.000000,0.000000,37.477581,20.460836,1.000000,5.000000
7,"OM","POV_GP",4.500000,0.000000,1745.388997,270.000000,1475.388997,163.932111,37.477581,20.460836,1.000000,5.000000
7,"OM","POV_RE",4.500000,0.000000,1237.115024,310.500000,926.615024,89.528022,37.477581,20.460836,1.000000,5.000000
7,"OM","POV_SE",3.000000,0.000000,628.672935,435.000000,193.672935,13.356754,37.477581,20.460836,1.000000,5.000000
7,"OM","POV_SB",2.000000,0.000000,798.806386,1230.000000,0.000000,0.000000,37.477581,20.460836,1.000000,5.000000
7,"OM","COM_GP",3.000000,0.000000,104.893906,57.000000,47.893906,65.207319,37.477581,20.460836,1.000000,5.000000
7,"OM","COM_SP",0.500000,0.000000,7.658201,10.500000,0.000000,40.000000,37.477581,20.460836,1.000000,5.000000
7,"OM","COM_SB",4.000000,0.000000,237.802801,200.000000,37.802801,5.670420,37.477581,20.460836,1.000000,5.000000
7,"OME","POV_GP",5.000000,5.000000,556.140337,380.000000,176.140337,13.905816,37.477581,20.460836,1.000000,5.000000
7,"OME","POV_RE",3.500000,3.500000,376.786938,269.500000,107.286938,11.942887,37.477581,20.460836,1.000000,5.000000
7,"OME","POV_SE",0.500000,0.000000,0.000000,72.500000,0.000000,0.000000,37.477581,20.460836,1.000000,5.000000
7,"OME","POV_SB",3.000000,0.000000,0.000000,1845.000000,0.000000,0.000000,37.477581,20.460836,1.000000,5.000000
7,"OME","COM_GP",6.500000,0.000000,146.112793,123.500000,22.612793,5.492986,37.477581,20.460836,1.000000,5.000000
7,"OME","COM_SP",1.500000,0.000000,24.883200,31.500000,0.000000,0.000000,37.477581,20.460836,1.000000,5.000000
7,"OME","COM_SB",4.000000,0.000000,1.550214,200.000000,0.000000,0.000000,37.477581,20.460836,1.000000,5.000000
8,"SY","POV_GP",11.500000,11.500000,5928.163014,874.000000,5054.163014,173.483856,42.410914,20.794170,1.000000,5.000000
8,"SY","POV_RE",11.500000,11.500000,3693.914042,885.500000,2808.414042,95.146721,42.410914,20.794170,1.000000,5.000000
8,"SY","POV_SE",7.000000,0.000000,1601.433962,1015.000000,586.433962,17.333024,42.410914,20.794170,1.000000,5.000000
8,"SY","POV_SB",4.000000,0.000000,2082.698439,2460.000000,0.000000,0.000000,42.410914,20.794170,1.000000,5.000000
8,"OM","POV_GP",3.000000,0.000000,1505.763840,180.000000,1325.763840,220.960640,42.410914,20.794170,1.000000,5.000000
8,"OM","POV_RE",3.000000,0.000000,982.842258,207.000000,775.842258,112.440907,42.410914,20.794170,1.000000,5.000000
8,"OM","POV_SE",6.500000,0.000000,1497.674013,942.500000,555.174013,17.671321,42.410914,20.794170,1.000000,5.000000
8,"OM","POV_SB",2.000000,0.000000,924.348742,1230.000000,0.000000,0.000000,42.410914,20.794170,1.000000,5.000000
8,"OM","COM_GP",6.000000,0.000000,217.079926,114.000000,103.079926,67.126296,42.410914,20.794170,1.000000,5.000000
8,"OM","COM_SP",1.000000,0.000000,22.166660,21.000000,1.166660,41.666657,42.410914,20.794170,1.000000,5.000000
8,"OM","COM_SB",4.000000,0.000000,199.363159,200.000000,0.000000,0.000000,42.410914,20.794170,1.000000,5.000000
8,"OME","POV_GP",5.000000,5.000000,634.727656,380.000000,254.727656,20.110078,42.410914,20.794170,1.000000,5.000000
8,"OME","POV_RE",3.500000,3.500000,384.023925,269.500000,114.523925,12.748489,42.410914,20.794170,1.000000,5.000000
8,"OME","POV_SE",0.500000,0.000000,0.000000,72.500000,0.000000,0.000000,42.410914,20.794170,1.000000,5.000000
8,"OME","POV_SB",3.000000,0.000000,0.000000,1845.000000,0.000000,0.000000,42.410914,20.794170,1.000000,5.000000
8,"OME","COM_GP",6.500000,0.000000,154.619830,123.500000,31.119830,7.559473,42.410914,20.794170,1.000000,5.000000
8,"OME","COM_SP",1.500000,0.000000,35.092294,31.500000,3.592294,3.421232,42.410914,20.794170,1.000000,5.000000
8,"OME","COM_SB",4.000000,0.000000,0.000000,200.000000,0.000000,0.000000,42.410914,20.794170,1.000000,5.000000
9,"SY","POV_GP",11.500000,11.500000,6143.938097,874.000000,5269.938097,180.890324,47.133800,21.441218,1.000000,5.000000
9,"SY","POV_RE",11.500000,11.500000,3891.564722,885.500000,3006.064722,101.842961,47.133800,21.441218,1.000000,5.000000
9,"SY","POV_SE",7.000000,0.000000,1459.355702,1015.000000,444.355702,13.133666,47.133800,21.441218,1.000000,5.000000
9,"SY","POV_SB",4.000000,0.000000,2220.892980,2460.000000,0.000000,0.000000,47.133800,21.441218,1.000000,5.000000
9,"OM","POV_GP",3.000000,0.000000,1325.763840,180.000000,1145.763840,190.960640,47.133800,21.441218,1.000000,5.000000
9,"OM","POV_RE",3.000000,0.000000,909.371315,207.000000,702.371315,101.792944,47.133800,21.441218,1.000000,5.000000
9,"OM","POV_SE",6.500000,0.000000,1354.560321,942.500000,412.060321,13.115978,47.133800,21.441218,1.000000,5.000000
9,"OM","POV_SB",2.000000,0.000000,1307.060750,1230.000000,77.060750,1.879530,47.133800,21.441218,1.000000,5.000000
9,"OM","COM_GP",7.000000,0.000000,249.689858,133.000000,116.689858,66.321021,47.133800,21.441218,1.000000,5.000000
9,"OM","COM_SP",1.000000,0.000000,22.646870,21.000000,1.646870,42.352672,47.133800,21.441218,1.000000,5.000000
9,"OM","COM_SB",4.000000,0.000000,254.608545,200.000000,54.608545,8.191282,47.133800,21.441218,1.000000,5.000000
9,"OME","POV_GP",5.500000,5.500000,586.224088,418.000000,168.224088,12.073499,47.133800,21.441218,1.000000,5.000000
9,"OME","POV_RE",3.000000,2.000000,296.289927,223.000000,73.289927,9.859631,47.133800,21.441218,1.000000,5.000000
9,"OME","POV_SE",0.500000,0.000000,0.000000,72.500000,0.000000,0.000000,47.133800,21.441218,1.000000,5.000000
9,"OME","POV_SB",3.000000,0.000000,5.373812,1845.000000,0.000000,0.000000,47.133800,21.441218,1.000000,5.000000
9,"OME","COM_GP",5.000000,0.000000,120.226213,95.000000,25.226213,7.966172,47.133800,21.441218,1.000000,5.000000
9,"OME","COM_SP",3.000000,0.000000,66.808199,63.000000,3.808199,1.813428,47.133800,21.441218,1.000000,5.000000
9,"OME","COM_SB",4.000000,0.000000,14.308764,200.000000,0.000000,0.000000,47.133800,21.441218,1.000000,5.000000
10,"SY","POV_GP",11.000000,11.000000,5365.129006,836.000000,4529.129006,162.528553,30.890546,19.186853,1.000000,5.000000
10,"SY","POV_RE",11.000000,11.000000,3368.782608,847.000000,2521.782608,89.319337,30.890546,19.186853,1.000000,5.000000
10,"SY","POV_SE",7.000000,0.000000,1433.985826,1015.000000,418.985826,12.383818,30.890546,19.186853,1.000000,5.000000
10,"SY","POV_SB",4.000000,0.000000,2869.216772,2460.000000,409.216772,4.990448,30.890546,19.186853,1.000000,5.000000
10,"OM","POV_GP",4.000000,0.000000,1499.770077,240.000000,1259.770077,157.471260,30.890546,19.186853,1.000000,5.000000
10,"OM","POV_RE",4.000000,0.000000,1078.393121,276.000000,802.393121,87.216644,30.890546,19.186853,1.000000,5.000000
10,"OM","POV_SE",4.500000,0.000000,865.606423,652.500000,213.106423,9.797996,30.890546,19.186853,1.000000,5.000000
10,"OM","POV_SB",2.000000,0.000000,1422.617416,1230.000000,192.617416,4.697986,30.890546,19.186853,1.000000,5.000000
10,"OM","COM_GP",7.000000,0.000000,232.760832,133.000000,99.760832,62.502443,30.890546,19.186853,1.000000,5.000000
10,"OM","COM_SP",0.500000,0.000000,11.054929,10.500000,0.554929,41.585512,30.890546,19.186853,1.000000,5.000000
10,"OM","COM_SB",4.000000,0.000000,278.220588,200.000000,78.220588,11.733088,30.890546,19.186853,1.000000,5.000000
10,"OME","POV_GP",5.500000,5.500000,649.707230,418.000000,231.707230,16.629706,30.890546,19.186853,1.000000,5.000000
10,"OME","POV_RE",3.000000,1.000000,289.567259,215.000000,74.567259,10.404734,30.890546,19.186853,1.000000,5.000000
10,"OME","POV_SE",0.500000,0.000000,0.000000,72.500000,0.000000,0.000000,30.890546,19.186853,1.000000,5.000000
10,"OME","POV_SB",3.000000,0.000000,561.422180,1845.000000,0.000000,0.000000,30.890546,19.186853,1.000000,5.000000
10,"OME","COM_GP",6.000000,0.000000,144.871555,114.000000,30.871555,8.124094,30.890546,19.186853,1.000000,5.000000
10,"OME","COM_SP",4.000000,0.000000,97.826386,84.000000,13.826386,4.937995,30.890546,19.186853,1.000000,5.000000
10,"OME","COM_SB",4.000000,0.000000,63.730551,200.000000,0.000000,0.000000,30.890546,19.186853,1.000000,5.000000
11,"SY","POV_GP",11.000000,11.000000,5217.606768,836.000000,4381.606768,157.234693,35.766737,21.404710,1.000000,5.000000
11,"SY","POV_RE",11.000000,11.000000,2946.514338,847.000000,2099.514338,74.362964,35.766737,21.404710,1.000000,5.000000
11,"SY","POV_SE",7.000000,0.000000,1364.968833,1015.000000,349.968833,10.343906,35.766737,21.404710,1.000000,5.000000
11,"SY","POV_SB",4.000000,0.000000,2968.668210,2460.000000,508.668210,6.203271,35.766737,21.404710,1.000000,5.000000
11,"OM","POV_GP",4.500000,0.000000,1666.598278,270.000000,1396.598278,155.177586,35.766737,21.404710,1.000000,5.000000
11,"OM","POV_RE",4.000000,0.000000,958.018140,276.000000,682.018140,74.132406,35.766737,21.404710,1.000000,5.000000
11,"OM","POV_SE",3.500000,0.000000,683.411853,507.500000,175.911853,10.398730,35.766737,21.404710,1.000000,5.000000
11,"OM","POV_SB",2.000000,0.000000,1476.056947,1230.000000,246.056947,6.001389,35.766737,21.404710,1.000000,5.000000
11,"OM","COM_GP",8.000000,0.000000,292.370269,152.000000,140.370269,67.704658,35.766737,21.404710,1.000000,5.000000
11,"OM","COM_SP",0.500000,0.000000,11.239804,10.500000,0.739804,42.113725,35.766737,21.404710,1.000000,5.000000
11,"OM","COM_SB",4.000000,0.000000,317.686417,200.000000,117.686417,17.652963,35.766737,21.404710,1.000000,5.000000
11,"OME","POV_GP",7.000000,7.000000,738.037172,532.000000,206.037172,11.618638,35.766737,21.404710,1.000000,5.000000
11,"OME","POV_RE",2.000000,0.000000,163.465579,138.000000,25.465579,5.535995,35.766737,21.404710,1.000000,5.000000
11,"OME","POV_SE",0.500000,0.000000,0.000000,72.500000,0.000000,0.000000,35.766737,21.404710,1.000000,5.000000
11,"OME","POV_SB",3.000000,0.000000,933.304648,1845.000000,0.000000,0.000000,35.766737,21.404710,1.000000,5.000000
11,"OME","COM_GP",3.500000,0.000000,84.579422,66.500000,18.079422,8.156130,35.766737,21.404710,1.000000,5.000000
11,"OME","COM_SP",6.500000,0.000000,139.329271,136.500000,2.829271,0.621818,35.766737,21.404710,1.000000,5.000000
11,"OME","COM_SB",4.000000,0.000000,223.157356,200.000000,23.157356,3.473603,35.766737,21.404710,1.000000,5.000000
12,"SY","POV_GP",11.000000,11.000000,5173.282889,836.000000,4337.282889,155.644123,36.716737,19.414234,1.000000,5.000000
12,"SY","POV_RE",11.000000,11.000000,2858.348235,847.000000,2011.348235,71.240197,36.716737,19.414234,1.000000,5.000000
12,"SY","POV_SE",6.500000,0.000000,1133.243073,942.500000,190.743073,6.071398,36.716737,19.414234,1.000000,5.000000
12,"SY","POV_SB",4.000000,0.000000,3050.516569,2460.000000,590.516569,7.201422,36.716737,19.414234,1.000000,5.000000
12,"OM","POV_GP",4.500000,0.000000,1660.787700,270.000000,1390.787700,154.531967,36.716737,19.414234,1.000000,5.000000
12,"OM","POV_RE",4.000000,0.000000,941.350309,276.000000,665.350309,72.320686,36.716737,19.414234,1.000000,5.000000
12,"OM","POV_SE",3.500000,0.000000,617.346230,507.500000,109.846230,6.493373,36.716737,19.414234,1.000000,5.000000
12,"OM","POV_SB",2.000000,0.000000,1533.532579,1230.000000,303.532579,7.403234,36.716737,19.414234,1.000000,5.000000
12,"OM","COM_GP",8.000000,0.000000,273.465300,152.000000,121.465300,63.973414,36.716737,19.414234,1.000000,5.000000
12,"OM","COM_SP",0.500000,0.000000,6.664295,10.500000,0.000000,40.000000,36.716737,19.414234,1.000000,5.000000
12,"OM","COM_SB",4.000000,0.000000,316.766844,200.000000,116.766844,17.515027,36.716737,19.414234,1.000000,5.000000
12,"OME","POV_GP",7.000000,7.000000,751.807515,532.000000,219.807515,12.395161,36.716737,19.414234,1.000000,5.000000
12,"OME","POV_RE",1.500000,0.000000,74.749875,103.500000,0.000000,0.000000,36.716737,19.414234,1.000000,5.000000
12,"OME","POV_SE",0.500000,0.000000,0.000000,72.500000,0.000000,0.000000,36.716737,19.414234,1.000000,5.000000
12,"OME","POV_SB",3.000000,0.000000,1008.295607,1845.000000,0.000000,0.000000,36.716737,19.414234,1.000000,5.000000
12,"OME","COM_GP",4.500000,0.000000,108.228935,85.500000,22.728935,7.975065,36.716737,19.414234,1.000000,5.000000
12,"OME","COM_SP",5.500000,0.000000,129.828441,115.500000,14.328441,3.721673,36.716737,19.414234,1.000000,5.000000
12,"OME","COM_SB",4.000000,0.000000,203.988308,200.000000,3.988308,0.598246,36.716737,19.414234,1.000000,5.000000
13,"SY","POV_GP",12.000000,12.000000,5041.167998,912.000000,4129.167998,135.827895,28.031394,19.484025,1.000000,5.000000
13,"SY","POV_RE",9.500000,9.500000,2211.513607,731.500000,1480.013607,60.697756,28.031394,19.484025,1.000000,5.000000
13,"SY","POV_SE",7.000000,0.000000,1482.513256,1015.000000,467.513256,13.818126,28.031394,19.484025,1.000000,5.000000
13,"SY","POV_SB",4.000000,0.000000,3089.423210,2460.000000,629.423210,7.675893,28.031394,19.484025,1.000000,5.000000
13,"OM","POV_GP",5.000000,0.000000,1661.162744,300.000000,1361.162744,136.116274,28.031394,19.484025,1.000000,5.000000
13,"OM","POV_RE",4.000000,0.000000,803.814927,276.000000,527.814927,57.371188,28.031394,19.484025,1.000000,5.000000
13,"OM","POV_SE",3.000000,0.000000,611.293089,435.000000,176.293089,12.158144,28.031394,19.484025,1.000000,5.000000
13,"OM","POV_SB",2.000000,0.000000,1506.144746,1230.000000,276.144746,6.735238,28.031394,19.484025,1.000000,5.000000
13,"OM","COM_GP",7.500000,0.000000,251.273903,142.500000,108.773903,62.899769,28.031394,19.484025,1.000000,5.000000
13,"OM","COM_SP",0.500000,0.000000,11.337021,10.500000,0.837021,42.391488,28.031394,19.484025,1.000000,5.000000
13,"OM","COM_SB",4.000000,0.000000,359.091072,200.000000,159.091072,23.863661,28.031394,19.484025,1.000000,5.000000
13,"OME","POV_GP",7.500000,7.500000,847.183283,570.000000,277.183283,14.588594,28.031394,19.484025,1.000000,5.000000
13,"OME","POV_RE",1.000000,1.000000,35.494412,77.000000,0.000000,0.000000,28.031394,19.484025,1.000000,5.000000
13,"OME","POV_SE",0.500000,0.000000,0.000000,72.500000,0.000000,0.000000,28.031394,19.484025,1.000000,5.000000
13,"OME","POV_SB",3.000000,0.000000,1233.144628,1845.000000,0.000000,0.000000,28.031394,19.484025,1.000000,5.000000
13,"OME","COM_GP",5.000000,0.000000,124.895116,95.000000,29.895116,9.440563,28.031394,19.484025,1.000000,5.000000
13,"OME","COM_SP",5.000000,0.000000,127.303958,105.000000,22.303958,6.372559,28.031394,19.484025,1.000000,5.000000
13,"OME","COM_SB",4.000000,0.000000,263.518474,200.000000,63.518474,9.527771,28.031394,19.484025,1.000000,5.000000
14,"SY","POV_GP",12.000000,12.000000,4465.749398,912.000000,3553.749398,116.899651,21.425442,20.964978,1.000000,5.801190
14,"SY","POV_RE",9.500000,9.500000,2242.553289,731.500000,1511.053289,61.970743,21.425442,20.964978,1.000000,5.801190
14,"SY","POV_SE",7.000000,0.000000,1297.704342,1015.000000,282.704342,8.355793,21.425442,20.964978,1.000000,5.801190
14,"SY","POV_SB",4.000000,0.000000,3145.725207,2460.000000,685.725207,8.362503,21.425442,20.964978,1.000000,5.801190
14,"OM","POV_GP",5.500000,0.000000,1581.761292,330.000000,1251.761292,113.796481,21.425442,20.964978,1.000000,5.801190
14,"OM","POV_RE",4.000000,0.000000,845.382513,276.000000,569.382513,61.889404,21.425442,20.964978,1.000000,5.801190
14,"OM","POV_SE",2.500000,0.000000,465.931862,362.500000,103.431862,8.559878,21.425442,20.964978,1.000000,5.801190
14,"OM","POV_SB",2.000000,0.000000,1517.573507,1230.000000,287.573507,7.013988,21.425442,20.964978,1.000000,5.801190
14,"OM","COM_GP",9.000000,0.000000,311.693857,171.000000,140.693857,64.683133,21.425442,20.964978,1.000000,5.801190
14,"OM","COM_SP",0.500000,0.000000,11.656552,10.500000,1.156552,43.304434,21.425442,20.964978,1.000000,5.801190
14,"OM","COM_SB",4.000000,0.000000,385.489580,200.000000,185.489580,27.823437,21.425442,20.964978,1.000000,5.801190
14,"OME","POV_GP",6.500000,6.500000,744.473161,494.000000,250.473161,15.210921,21.425442,20.964978,1.000000,5.801190
14,"OME","POV_RE",2.000000,1.000000,190.379293,146.000000,44.379293,9.119033,21.425442,20.964978,1.000000,5.801190
14,"OME","POV_SE",0.500000,0.000000,0.000000,72.500000,0.000000,0.000000,21.425442,20.964978,1.000000,5.801190
14,"OME","POV_SB",3.000000,0.000000,1256.166585,1845.000000,0.000000,0.000000,21.425442,20.964978,1.000000,5.801190
14,"OME","COM_GP",3.500000,0.000000,82.646293,66.500000,16.146293,7.284042,21.425442,20.964978,1.000000,5.801190
14,"OME","COM_SP",6.500000,0.000000,152.357050,136.500000,15.857050,3.485066,21.425442,20.964978,1.000000,5.801190
14,"OME","COM_SB",4.000000,0.000000,279.546385,200.000000,79.546385,11.931958,21.425442,20.964978,1.000000,5.801190
15,"SY","POV_GP",13.000000,13.000000,4261.048644,988.000000,3273.048644,99.384068,16.825442,26.914978,1.000000,23.455952
15,"SY","POV_RE",8.500000,8.500000,1875.635564,654.500000,1221.135564,55.972600,16.825442,26.914978,1.000000,23.455952
15,"SY","POV_SE",7.000000,0.000000,1417.871633,1015.000000,402.871633,11.907536,16.825442,26.914978,1.000000,23.455952
15,"SY","POV_SB",4.000000,0.000000,3196.058081,2460.000000,736.058081,8.976318,16.825442,26.914978,1.000000,23.455952
15,"OM","POV_GP",5.500000,0.000000,1411.627253,330.000000,1081.627253,98.329750,16.825442,26.914978,1.000000,23.455952
15,"OM","POV_RE",4.000000,0.000000,794.777067,276.000000,518.777067,56.388812,16.825442,26.914978,1.000000,23.455952
15,"OM","POV_SE",2.500000,0.000000,530.104918,362.500000,167.604918,13.870752,16.825442,26.914978,1.000000,23.455952
15,"OM","POV_SB",2.000000,0.000000,1515.816919,1230.000000,285.816919,6.971144,16.825442,26.914978,1.000000,23.455952
15,"OM","COM_GP",9.500000,0.000000,409.342067,180.500000,228.842067,78.034693,16.825442,26.914978,1.000000,23.455952
15,"OM","COM_SP",0.500000,0.000000,14.466158,10.500000,3.966158,51.331881,16.825442,26.914978,1.000000,23.455952
15,"OM","COM_SB",4.000000,0.000000,655.102939,200.000000,455.102939,68.265441,16.825442,26.914978,1.000000,23.455952
15,"OME","POV_GP",7.000000,7.000000,739.648264,532.000000,207.648264,11.709489,16.825442,26.914978,1.000000,23.455952
15,"OME","POV_RE",2.000000,0.500000,181.691574,142.000000,39.691574,8.385544,16.825442,26.914978,1.000000,23.455952
15,"OME","POV_SE",0.500000,0.000000,0.000000,72.500000,0.000000,0.000000,16.825442,26.914978,1.000000,23.455952
15,"OME","POV_SB",3.000000,0.000000,1138.660264,1845.000000,0.000000,0.000000,16.825442,26.914978,1.000000,23.455952
15,"OME","COM_GP",2.000000,0.000000,47.443975,38.000000,9.443975,7.455770,16.825442,26.914978,1.000000,23.455952
15,"OME","COM_SP",8.000000,0.000000,183.361275,168.000000,15.361275,2.743085,16.825442,26.914978,1.000000,23.455952
15,"OME","COM_SB",4.000000,0.000000,307.861785,200.000000,107.861785,16.179268,16.825442,26.914978,1.000000,23.455952
16,"SY","POV_GP",13.000000,13.000000,3856.050602,988.000000,2868.050602,87.086557,13.275442,31.481644,1.000000,16.489286
16,"SY","POV_RE",8.500000,8.500000,1788.149596,654.500000,1133.649596,51.962548,13.275442,31.481644,1.000000,16.489286
16,"SY","POV_SE",7.000000,0.000000,1406.543524,1015.000000,391.543524,11.572715,13.275442,31.481644,1.000000,16.489286
16,"SY","POV_SB",4.000000,0.000000,3318.436757,2460.000000,858.436757,10.468741,13.275442,31.481644,1.000000,16.489286
16,"OM","POV_GP",6.000000,0.000000,1382.082800,360.000000,1022.082800,85.173567,13.275442,31.481644,1.000000,16.489286
16,"OM","POV_RE",4.000000,0.000000,750.689690,276.000000,474.689690,51.596705,13.275442,31.481644,1.000000,16.489286
16,"OM","POV_SE",2.000000,0.000000,415.906782,290.000000,125.906782,13.024840,13.275442,31.481644,1.000000,16.489286
16,"OM","POV_SB",2.000000,0.000000,1641.411784,1230.000000,411.411784,10.034434,13.275442,31.481644,1.000000,16.489286
16,"OM","COM_GP",8.500000,0.000000,429.660435,161.500000,268.160435,89.813084,13.275442,31.481644,1.000000,16.489286
16,"OM","COM_SP",1.500000,0.000000,53.862110,31.500000,22.362110,61.297247,13.275442,31.481644,1.000000,16.489286
16,"OM","COM_SB",4.000000,0.000000,571.423595,200.000000,371.423595,55.713539,13.275442,31.481644,1.000000,16.489286
16,"OME","POV_GP",5.500000,5.500000,613.796249,418.000000,195.796249,14.052362,13.275442,31.481644,1.000000,16.489286
16,"OME","POV_RE",3.000000,3.000000,305.792393,231.000000,74.792393,9.713298,13.275442,31.481644,1.000000,16.489286
16,"OME","POV_SE",0.500000,0.000000,0.000000,72.500000,0.000000,0.000000,13.275442,31.481644,1.000000,16.489286
16,"OME","POV_SB",3.000000,0.000000,2000.862542,1845.000000,155.862542,2.534350,13.275442,31.481644,1.000000,16.489286
16,"OME","COM_GP",4.000000,0.000000,101.712024,76.000000,25.712024,10.149483,13.275442,31.481644,1.000000,16.489286
16,"OME","COM_SP",6.000000,0.000000,153.193782,126.000000,27.193782,6.474710,13.275442,31.481644,1.000000,16.489286
16,"OME","COM_SB",4.000000,0.000000,277.544439,200.000000,77.544439,11.631666,13.275442,31.481644,1.000000,16.489286
17,"SY","POV_GP",15.000000,15.000000,3628.286121,1140.000000,2488.286121,65.481214,8.638934,42.674105,1.000000,8.696429
17,"SY","POV_RE",8.000000,8.000000,1426.381532,616.000000,810.381532,39.466633,8.638934,42.674105,1.000000,8.696429
17,"SY","POV_SE",7.000000,0.000000,1306.928231,1015.000000,291.928231,8.628421,8.638934,42.674105,1.000000,8.696429
17,"SY","POV_SB",4.000000,0.000000,4000.600020,2460.000000,1540.600020,18.787805,8.638934,42.674105,1.000000,8.696429
17,"OM","POV_GP",5.500000,0.000000,1091.680503,330.000000,761.680503,69.243682,8.638934,42.674105,1.000000,8.696429
17,"OM","POV_RE",3.500000,0.000000,570.886363,241.500000,329.386363,40.917561,8.638934,42.674105,1.000000,8.696429
17,"OM","POV_SE",2.000000,0.000000,391.463661,290.000000,101.463661,10.496241,8.638934,42.674105,1.000000,8.696429
17,"OM","POV_SB",2.000000,0.000000,2027.266341,1230.000000,797.266341,19.445521,8.638934,42.674105,1.000000,8.696429
17,"OM","COM_GP",8.500000,0.000000,462.580696,161.500000,301.080696,115.928303,8.638934,42.674105,1.000000,8.696429
17,"OM","COM_SP",1.500000,0.000000,50.442882,31.500000,18.942882,78.040840,8.638934,42.674105,1.000000,8.696429
17,"OM","COM_SB",4.000000,0.000000,478.560005,200.000000,278.560005,41.784001,8.638934,42.674105,1.000000,8.696429
17,"OME","POV_GP",5.500000,5.500000,617.691989,418.000000,199.691989,14.331961,8.638934,42.674105,1.000000,8.696429
17,"OME","POV_RE",2.500000,0.000000,216.013097,172.500000,43.513097,7.567495,8.638934,42.674105,1.000000,8.696429
17,"OME","POV_SE",0.500000,0.000000,0.000000,72.500000,0.000000,0.000000,8.638934,42.674105,1.000000,8.696429
17,"OME","POV_SB",3.000000,0.000000,2485.025683,1845.000000,640.025683,10.406922,8.638934,42.674105,1.000000,8.696429
17,"OME","COM_GP",4.500000,0.000000,115.024361,85.500000,29.524361,10.359425,8.638934,42.674105,1.000000,8.696429
17,"OME","COM_SP",5.500000,0.000000,144.640893,115.500000,29.140893,7.569063,8.638934,42.674105,1.000000,8.696429
17,"OME","COM_SB",4.000000,0.000000,303.558345,200.000000,103.558345,15.533752,8.638934,42.674105,1.000000,8.696429
18,"SY","POV_GP",16.000000,16.000000,3511.740337,1216.000000,2295.740337,56.638331,7.338934,45.266962,1.500000,6.426190
18,"SY","POV_RE",8.500000,8.500000,1395.488435,654.500000,740.988435,33.964329,7.338934,45.266962,1.500000,6.426190
18,"SY","POV_SE",5.500000,0.000000,1003.713259,797.500000,206.213259,7.757239,7.338934,45.266962,1.500000,6.426190
18,"SY","POV_SB",4.000000,0.000000,4452.499110,2460.000000,1992.499110,24.298770,7.338934,45.266962,1.500000,6.426190
18,"OM","POV_GP",5.500000,0.000000,955.458446,330.000000,625.458446,56.859859,7.338934,45.266962,1.500000,6.426190
18,"OM","POV_RE",4.000000,0.000000,581.256497,276.000000,305.256497,33.180054,7.338934,45.266962,1.500000,6.426190
18,"OM","POV_SE",1.500000,0.000000,284.041078,217.500000,66.541078,9.178080,7.338934,45.266962,1.500000,6.426190
18,"OM","POV_SB",2.000000,0.000000,2235.356972,1230.000000,1005.356972,24.520902,7.338934,45.266962,1.500000,6.426190
18,"OM","COM_GP",8.500000,0.000000,485.054943,161.500000,323.554943,120.103085,7.338934,45.266962,1.500000,6.426190
18,"OM","COM_SP",1.500000,0.000000,50.305774,31.500000,18.805774,77.910261,7.338934,45.266962,1.500000,6.426190
18,"OM","COM_SB",4.000000,0.000000,419.047791,200.000000,219.047791,32.857169,7.338934,45.266962,1.500000,6.426190
18,"OME","POV_GP",5.500000,5.500000,564.255646,418.000000,146.255646,10.496817,7.338934,45.266962,1.500000,6.426190
18,"OME","POV_RE",2.500000,1.500000,206.249430,184.500000,21.749430,3.536493,7.338934,45.266962,1.500000,6.426190
18,"OME","POV_SE",0.500000,0.000000,0.000000,72.500000,0.000000,0.000000,7.338934,45.266962,1.500000,6.426190
18,"OME","POV_SB",3.000000,0.000000,2565.219228,1845.000000,720.219228,11.710882,7.338934,45.266962,1.500000,6.426190
18,"OME","COM_GP",4.500000,0.000000,109.951476,85.500000,24.451476,8.579465,7.338934,45.266962,1.500000,6.426190
18,"OME","COM_SP",5.500000,0.000000,124.342778,115.500000,8.842778,2.296825,7.338934,45.266962,1.500000,6.426190
18,"OME","COM_SB",4.000000,0.000000,284.214258,200.000000,84.214258,12.632139,7.338934,45.266962,1.500000,6.426190
19,"SY","POV_GP",16.000000,16.000000,2634.236016,1216.000000,1418.236016,34.989375,2.000000,40.791565,1.500000,5.000000
19,"SY","POV_RE",8.500000,8.500000,1067.470138,654.500000,412.970138,18.929112,2.000000,40.791565,1.500000,5.000000
19,"SY","POV_SE",5.500000,0.000000,1061.041418,797.500000,263.541418,9.913784,2.000000,40.791565,1.500000,5.000000
19,"SY","POV_SB",4.000000,0.000000,4611.647160,2460.000000,2151.647160,26.239600,2.000000,40.791565,1.500000,5.000000
19,"OM","POV_GP",5.000000,0.000000,646.685377,300.000000,346.685377,34.668538,2.000000,40.791565,1.500000,5.000000
19,"OM","POV_RE",4.000000,0.000000,441.016218,276.000000,165.016218,17.936545,2.000000,40.791565,1.500000,5.000000
19,"OM","POV_SE",2.000000,0.000000,383.454354,290.000000,93.454354,9.667692,2.000000,40.791565,1.500000,5.000000
19,"OM","POV_SB",2.000000,0.000000,2312.333536,1230.000000,1082.333536,26.398379,2.000000,40.791565,1.500000,5.000000
19,"OM","COM_GP",8.500000,0.000000,441.940265,161.500000,280.440265,112.094167,2.000000,40.791565,1.500000,5.000000
19,"OM","COM_SP",1.500000,0.000000,45.933846,31.500000,14.433846,73.746520,2.000000,40.791565,1.500000,5.000000
19,"OM","COM_SB",4.000000,0.000000,368.906855,200.000000,168.906855,25.336028,2.000000,40.791565,1.500000,5.000000
19,"OME","POV_GP",6.000000,4.500000,576.529076,432.000000,144.529076,10.036741,2.000000,40.791565,1.500000,5.000000
19,"OME","POV_RE",1.500000,1.500000,144.445062,115.500000,28.945062,7.518198,2.000000,40.791565,1.500000,5.000000
19,"OME","POV_SE",1.000000,0.000000,139.215093,145.000000,0.000000,0.000000,2.000000,40.791565,1.500000,5.000000
19,"OME","POV_SB",3.000000,0.000000,2693.845285,1845.000000,848.845285,13.802362,2.000000,40.791565,1.500000,5.000000
19,"OME","COM_GP",5.500000,0.000000,138.376543,104.500000,33.876543,9.725323,2.000000,40.791565,1.500000,5.000000
19,"OME","COM_SP",4.500000,0.000000,102.191912,94.500000,7.691912,2.441877,2.000000,40.791565,1.500000,5.000000
19,"OME","COM_SB",4.000000,0.000000,253.070224,200.000000,53.070224,7.960534,2.000000,40.791565,1.500000,5.000000
20,"SY","POV_GP",16.000000,11.000000,2400.828295,1136.000000,1264.828295,33.402156,3.200000,27.682835,1.000000,5.000000
20,"SY","POV_RE",8.500000,6.000000,1033.841868,634.500000,399.341868,18.881412,3.200000,27.682835,1.000000,5.000000
20,"SY","POV_SE",5.000000,0.000000,1000.048393,725.000000,275.048393,11.381313,3.200000,27.682835,1.000000,5.000000
20,"SY","POV_SB",4.000000,0.000000,3987.568675,2460.000000,1527.568675,18.628886,3.200000,27.682835,1.000000,5.000000
20,"OM","POV_GP",3.000000,0.000000,405.425268,180.000000,225.425268,37.570878,3.200000,27.682835,1.000000,5.000000
20,"OM","POV_RE",3.000000,0.000000,347.418635,207.000000,140.418635,20.350527,3.200000,27.682835,1.000000,5.000000
20,"OM","POV_SE",2.000000,0.000000,409.515989,290.000000,119.515989,12.363723,3.200000,27.682835,1.000000,5.000000
20,"OM","POV_SB",2.000000,0.000000,1879.715350,1230.000000,649.715350,15.846716,3.200000,27.682835,1.000000,5.000000
20,"OM","COM_GP",9.000000,0.000000,329.961177,171.000000,158.961177,87.887926,3.200000,27.682835,1.000000,5.000000
20,"OM","COM_SP",1.000000,0.000000,21.013490,21.000000,0.013490,60.019272,3.200000,27.682835,1.000000,5.000000
20,"OM","COM_SB",4.000000,0.000000,298.047807,200.000000,98.047807,14.707171,3.200000,27.682835,1.000000,5.000000
20,"OME","POV_GP",5.500000,5.500000,583.988617,418.000000,165.988617,11.913059,3.200000,27.682835,1.000000,5.000000
20,"OME","POV_RE",2.000000,0.500000,180.153332,142.000000,38.153332,8.060563,3.200000,27.682835,1.000000,5.000000
20,"OME","POV_SE",1.000000,0.000000,113.635319,145.000000,0.000000,0.000000,3.200000,27.682835,1.000000,5.000000
20,"OME","POV_SB",3.000000,0.000000,2128.107233,1845.000000,283.107233,4.603370,3.200000,27.682835,1.000000,5.000000
20,"OME","COM_GP",6.000000,0.000000,149.101560,114.000000,35.101560,9.237253,3.200000,27.682835,1.000000,5.000000
20,"OME","COM_SP",4.000000,0.000000,104.185992,84.000000,20.185992,7.209283,3.200000,27.682835,1.000000,5.000000
20,"OME","COM_SB",4.000000,0.000000,185.983350,200.000000,0.000000,0.000000,3.200000,27.682835,1.000000,5.000000
21,"SY","POV_GP",16.000000,11.000000,2275.452660,1136.000000,1139.452660,30.091179,2.533333,10.972415,1.000000,5.000000
21,"SY","POV_RE",8.500000,6.000000,1048.857742,634.500000,414.357742,19.591383,2.533333,10.972415,1.000000,5.000000
21,"SY","POV_SE",4.500000,0.000000,825.492541,652.500000,172.992541,7.953680,2.533333,10.972415,1.000000,5.000000
21,"SY","POV_SB",4.000000,0.000000,3246.433028,2460.000000,786.433028,9.590647,2.533333,10.972415,1.000000,5.000000
21,"OM","POV_GP",2.500000,0.000000,309.738356,150.000000,159.738356,31.947671,2.533333,10.972415,1.000000,5.000000
21,"OM","POV_RE",2.500000,0.000000,277.238797,172.500000,104.738797,18.215443,2.533333,10.972415,1.000000,5.000000
21,"OM","POV_SE",1.000000,0.000000,187.197456,145.000000,42.197456,8.730508,2.533333,10.972415,1.000000,5.000000
21,"OM","POV_SB",2.000000,0.000000,1567.967142,1230.000000,337.967142,8.243101,2.533333,10.972415,1.000000,5.000000
21,"OM","COM_GP",5.000000,0.000000,163.444593,95.000000,68.444593,61.614082,2.533333,10.972415,1.000000,5.000000
21,"OM","COM_SP",0.500000,0.000000,2.331843,10.500000,0.000000,40.000000,2.533333,10.972415,1.000000,5.000000
21,"OM","COM_SB",4.000000,0.000000,294.904733,200.000000,94.904733,14.235710,2.533333,10.972415,1.000000,5.000000
21,"OME","POV_GP",5.500000,5.500000,569.879318,418.000000,151.879318,10.900430,2.533333,10.972415,1.000000,5.000000
21,"OME","POV_RE",2.000000,1.500000,193.521821,150.000000,43.521821,8.704364,2.533333,10.972415,1.000000,5.000000
21,"OME","POV_SE",1.000000,0.000000,73.704230,145.000000,0.000000,0.000000,2.533333,10.972415,1.000000,5.000000
21,"OME","POV_SB",3.000000,0.000000,1130.196525,1845.000000,0.000000,0.000000,2.533333,10.972415,1.000000,5.000000
21,"OME","COM_GP",5.000000,0.000000,124.769892,95.000000,29.769892,9.401019,2.533333,10.972415,1.000000,5.000000
21,"OME","COM_SP",3.000000,0.000000,76.530157,63.000000,13.530157,6.442932,2.533333,10.972415,1.000000,5.000000
21,"OME","COM_SB",4.000000,0.000000,177.582316,200.000000,0.000000,0.000000,2.533333,10.972415,1.000000,5.000000
22,"SY","POV_GP",16.000000,3.500000,1954.178529,1016.000000,938.178529,27.702122,2.566667,17.637519,1.000000,5.000000
22,"SY","POV_RE",8.000000,0.000000,871.032028,552.000000,319.032028,17.338697,2.566667,17.637519,1.000000,5.000000
22,"SY","POV_SE",3.500000,0.000000,661.617795,507.500000,154.117795,9.110412,2.566667,17.637519,1.000000,5.000000
22,"SY","POV_SB",4.000000,0.000000,2687.291596,2460.000000,227.291596,2.771849,2.566667,17.637519,1.000000,5.000000
22,"OM","POV_GP",2.000000,0.000000,240.269697,120.000000,120.269697,30.067424,2.566667,17.637519,1.000000,5.000000
22,"OM","POV_RE",1.500000,0.000000,163.406596,103.500000,59.906596,17.364231,2.566667,17.637519,1.000000,5.000000
22,"OM","POV_SE",1.000000,0.000000,191.768921,145.000000,46.768921,9.676328,2.566667,17.637519,1.000000,5.000000
22,"OM","POV_SB",2.000000,0.000000,1395.508596,1230.000000,165.508596,4.036795,2.566667,17.637519,1.000000,5.000000
22,"OM","COM_GP",2.500000,0.000000,81.404503,47.500000,33.904503,61.413370,2.566667,17.637519,1.000000,5.000000
22,"OM","COM_SP",0.500000,0.000000,0.806949,10.500000,0.000000,40.000000,2.566667,17.637519,1.000000,5.000000
22,"OM","COM_SB",4.000000,0.000000,184.988841,200.000000,0.000000,0.000000,2.566667,17.637519,1.000000,5.000000
22,"OME","POV_GP",2.500000,2.500000,266.662769,190.000000,76.662769,12.104648,2.566667,17.637519,1.000000,5.000000
22,"OME","POV_RE",2.000000,1.500000,169.925732,150.000000,19.925732,3.985146,2.566667,17.637519,1.000000,5.000000
22,"OME","POV_SE",0.500000,0.000000,30.641447,72.500000,0.000000,0.000000,2.566667,17.637519,1.000000,5.000000
22,"OME","POV_SB",3.000000,0.000000,154.772288,1845.000000,0.000000,0.000000,2.566667,17.637519,1.000000,5.000000
22,"OME","COM_GP",3.000000,0.000000,69.697956,57.000000,12.697956,6.683135,2.566667,17.637519,1.000000,5.000000
22,"OME","COM_SP",2.000000,0.000000,42.746860,42.000000,0.746860,0.533471,2.566667,17.637519,1.000000,5.000000
22,"OME","COM_SB",4.000000,0.000000,1.627905,200.000000,0.000000,0.000000,2.566667,17.637519,1.000000,5.000000
23,"SY","POV_GP",15.000000,0.000000,1749.143921,900.000000,849.143921,28.304797,3.400000,10.000000,1.000000,5.000000
23,"SY","POV_RE",5.000000,0.000000,553.537536,345.000000,208.537536,18.133699,3.400000,10.000000,1.000000,5.000000
23,"SY","POV_SE",1.500000,0.000000,301.233513,217.500000,83.733513,11.549450,3.400000,10.000000,1.000000,5.000000
23,"SY","POV_SB",4.000000,0.000000,1931.081415,2460.000000,0.000000,0.000000,3.400000,10.000000,1.000000,5.000000
23,"OM","POV_GP",2.000000,0.000000,249.395820,120.000000,129.395820,32.348955,3.400000,10.000000,1.000000,5.000000
23,"OM","POV_RE",1.500000,0.000000,160.437487,103.500000,56.937487,16.503620,3.400000,10.000000,1.000000,5.000000
23,"OM","POV_SE",1.500000,0.000000,277.380076,217.500000,59.880076,8.259321,3.400000,10.000000,1.000000,5.000000
23,"OM","POV_SB",2.000000,0.000000,974.551107,1230.000000,0.000000,0.000000,3.400000,10.000000,1.000000,5.000000
23,"OM","COM_GP",1.000000,0.000000,33.904503,19.000000,14.904503,63.533426,3.400000,10.000000,1.000000,5.000000
23,"OM","COM_SP",0.500000,0.000000,0.000000,10.500000,0.000000,40.000000,3.400000,10.000000,1.000000,5.000000
23,"OM","COM_SB",4.000000,0.000000,0.000000,200.000000,0.000000,0.000000,3.400000,10.000000,1.000000,5.000000
23,"OME","POV_GP",1.500000,1.500000,153.826461,114.000000,39.826461,10.480648,3.400000,10.000000,1.000000,5.000000
23,"OME","POV_RE",3.000000,0.000000,220.891506,207.000000,13.891506,2.013262,3.400000,10.000000,1.000000,5.000000
23,"OME","POV_SE",0.500000,0.000000,26.037924,72.500000,0.000000,0.000000,3.400000,10.000000,1.000000,5.000000
23,"OME","POV_SB",3.000000,0.000000,0.000000,1845.000000,0.000000,0.000000,3.400000,10.000000,1.000000,5.000000
23,"OME","COM_GP",1.000000,0.000000,12.697956,19.000000,0.000000,0.000000,3.400000,10.000000,1.000000,5.000000
23,"OME","COM_SP",0.500000,0.000000,0.746860,10.500000,0.000000,0.000000,3.400000,10.000000,1.000000,5.000000
23,"OME","COM_SB",4.000000,0.000000,0.000000,200.000000,0.000000,0.000000,3.400000,10.000000,1.000000,5.000000
24,"SY","POV_GP",9.000000,0.000000,1008.501850,540.000000,468.501850,26.027881,2.000000,10.000000,1.000000,5.000000
24,"SY","POV_RE",3.500000,0.000000,389.536772,241.500000,148.036772,18.389661,2.000000,10.000000,1.000000,5.000000
24,"SY","POV_SE",1.000000,0.000000,197.389681,145.000000,52.389681,10.839244,2.000000,10.000000,1.000000,5.000000
24,"SY","POV_SB",4.000000,0.000000,1129.816826,2460.000000,0.000000,0.000000,2.000000,10.000000,1.000000,5.000000
24,"OM","POV_GP",1.500000,0.000000,167.397591,90.000000,77.397591,25.799197,2.000000,10.000000,1.000000,5.000000
24,"OM","POV_RE",1.500000,0.000000,154.732408,103.500000,51.232408,14.849973,2.000000,10.000000,1.000000,5.000000
24,"OM","POV_SE",1.000000,0.000000,176.157658,145.000000,31.157658,6.446412,2.000000,10.000000,1.000000,5.000000
24,"OM","POV_SB",2.000000,0.000000,1025.518799,1230.000000,0.000000,0.000000,2.000000,10.000000,1.000000,5.000000
24,"OM","COM_GP",0.500000,0.000000,14.904503,9.500000,5.404503,57.066852,2.000000,10.000000,1.000000,5.000000
24,"OM","COM_SP",0.500000,0.000000,0.000000,10.500000,0.000000,40.000000,2.000000,10.000000,1.000000,5.000000
24,"OM","COM_SB",4.000000,0.000000,0.000000,200.000000,0.000000,0.000000,2.000000,10.000000,1.000000,5.000000
24,"OME","POV_GP",2.000000,0.000000,152.693524,120.000000,32.693524,8.173381,2.000000,10.000000,1.000000,5.000000
24,"OME","POV_RE",2.000000,0.000000,159.901118,138.000000,21.901118,4.761113,2.000000,10.000000,1.000000,5.000000
24,"OME","POV_SE",0.500000,0.000000,53.268752,72.500000,0.000000,0.000000,2.000000,10.000000,1.000000,5.000000
24,"OME","POV_SB",3.000000,0.000000,0.000000,1845.000000,0.000000,0.000000,2.000000,10.000000,1.000000,5.000000
24,"OME","COM_GP",0.500000,0.000000,0.000000,9.500000,0.000000,0.000000,2.000000,10.000000,1.000000,5.000000
24,"OME","COM_SP",0.500000,0.000000,0.000000,10.500000,0.000000,0.000000,2.000000,10.000000,1.000000,5.000000
24,"OME","COM_SB",4.000000,0.000000,0.000000,200.000000,0.000000,0.000000,2.000000,10.000000,1.000000,5.000000
