1,"SY","POV_GP",7.000000,5.500000,1007.329814,508.000000,499.329814,29.487981,2.000000,10.000000,1.000000,5.000000
1,"SY","POV_RE",3.000000,0.000000,336.461488,207.000000,129.461488,18.762534,2.000000,10.000000,1.000000,5.000000
1,"SY","POV_SE",0.500000,0.000000,62.506062,72.500000,0.000000,0.000000,2.000000,10.000000,1.000000,5.000000
1,"SY","POV_SB",4.000000,0.000000,882.100422,2460.000000,0.000000,0.000000,2.000000,10.000000,1.000000,5.000000
1,"OM","POV_GP",1.500000,0.000000,172.881992,90.000000,82.881992,27.627331,2.000000,10.000000,1.000000,5.000000
1,"OM","POV_RE",1.500000,0.000000,139.188900,103.500000,35.688900,10.344609,2.000000,10.000000,1.000000,5.000000
1,"OM","POV_SE",0.000000,0.000000,0.000000,1.000000,0.000000,0.000000,2.000000,10.000000,1.000000,5.000000
1,"OM","POV_SB",2.000000,0.000000,573.180771,1230.000000,0.000000,0.000000,2.000000,10.000000,1.000000,5.000000
1,"OM","COM_GP",0.500000,0.000000,0.000000,9.500000,0.000000,30.000000,2.000000,10.000000,1.000000,5.000000
1,"OM","COM_SP",0.500000,0.000000,0.000000,10.500000,0.000000,30.000000,2.000000,10.000000,1.000000,5.000000
1,"OM","COM_SB",4.000000,0.000000,0.000000,200.000000,0.000000,0.000000,2.000000,10.000000,1.000000,5.000000
1,"OME","POV_GP",3.500000,1.000000,295.482096,226.000000,69.482096,9.223287,2.000000,10.000000,1.000000,5.000000
1,"OME","POV_RE",1.000000,0.000000,24.766525,69.000000,0.000000,0.000000,2.000000,10.000000,1.000000,5.000000
1,"OME","POV_SE",0.500000,0.000000,0.000000,72.500000,0.000000,0.000000,2.000000,10.000000,1.000000,5.000000
1,"OME","POV_SB",3.000000,0.000000,0.000000,1845.000000,0.000000,0.000000,2.000000,10.000000,1.000000,5.000000
1,"OME","COM_GP",0.500000,0.000000,0.000000,9.500000,0.000000,0.000000,2.000000,10.000000,1.000000,5.000000
1,"OME","COM_SP",0.500000,0.000000,0.000000,10.500000,0.000000,0.000000,2.000000,10.000000,1.000000,5.000000
1,"OME","COM_SB",4.000000,0.000000,0.000000,200.000000,0.000000,0.000000,2.000000,10.000000,1.000000,5.000000
2,"SY","POV_GP",7.000000,0.500000,802.090513,428.000000,374.090513,26.221298,2.000000,10.000000,1.000000,5.000000
2,"SY","POV_RE",2.500000,0.000000,287.091397,172.500000,114.591397,19.928939,2.000000,10.000000,1.000000,5.000000
2,"SY","POV_SE",0.500000,0.000000,83.645256,72.500000,11.145256,4.611830,2.000000,10.000000,1.000000,5.000000
2,"SY","POV_SB",4.000000,0.000000,802.196346,2460.000000,0.000000,0.000000,2.000000,10.000000,1.000000,5.000000
2,"OM","POV_GP",1.000000,0.000000,113.213026,60.000000,53.213026,26.606513,2.000000,10.000000,1.000000,5.000000
2,"OM","POV_RE",1.500000,0.000000,152.846265,103.500000,49.346265,14.303265,2.000000,10.000000,1.000000,5.000000
2,"OM","POV_SE",0.000000,0.000000,0.000000,1.000000,0.000000,0.000000,2.000000,10.000000,1.000000,5.000000
2,"OM","POV_SB",2.000000,0.000000,450.490025,1230.000000,0.000000,0.000000,2.000000,10.000000,1.000000,5.000000
2,"OM","COM_GP",0.500000,0.000000,0.000000,9.500000,0.000000,30.000000,2.000000,10.000000,1.000000,5.000000
2,"OM","COM_SP",0.500000,0.000000,0.000000,10.500000,0.000000,30.000000,2.000000,10.000000,1.000000,5.000000
2,"OM","COM_SB",4.000000,0.000000,0.000000,200.000000,0.000000,0.000000,2.000000,10.000000,1.000000,5.000000
2,"OME","POV_GP",3.000000,0.000000,219.710578,180.000000,39.710578,6.618430,2.000000,10.000000,1.000000,5.000000
2,"OME","POV_RE",1.000000,0.000000,51.123214,69.000000,0.000000,0.000000,2.000000,10.000000,1.000000,5.000000
2,"OME","POV_SE",0.500000,0.000000,10.455657,72.500000,0.000000,0.000000,2.000000,10.000000,1.000000,5.000000
2,"OME","POV_SB",3.000000,0.000000,0.000000,1845.000000,0.000000,0.000000,2.000000,10.000000,1.000000,5.000000
2,"OME","COM_GP",0.500000,0.000000,0.000000,9.500000,0.000000,0.000000,2.000000,10.000000,1.000000,5.000000
2,"OME","COM_SP",0.500000,0.000000,0.000000,10.500000,0.000000,0.000000,2.000000,10.000000,1.000000,5.000000
2,"OME","COM_SB",4.000000,0.000000,0.000000,200.000000,0.000000,0.000000,2.000000,10.000000,1.000000,5.000000
3,"SY","POV_GP",10.500000,0.000000,1377.251017,630.000000,747.251017,35.583382,2.309524,10.000000,1.000000,5.000000
3,"SY","POV_RE",4.000000,0.000000,487.539452,276.000000,211.539452,22.993419,2.309524,10.000000,1.000000,5.000000
3,"SY","POV_SE",0.500000,0.000000,80.729677,72.500000,8.229677,3.405384,2.309524,10.000000,1.000000,5.000000
3,"SY","POV_SB",4.000000,0.000000,554.301144,2460.000000,0.000000,0.000000,2.309524,10.000000,1.000000,5.000000
3,"OM","POV_GP",4.500000,0.000000,562.417640,270.000000,292.417640,32.490849,2.309524,10.000000,1.000000,5.000000
3,"OM","POV_RE",1.500000,0.000000,156.927434,103.500000,53.427434,15.486213,2.309524,10.000000,1.000000,5.000000
3,"OM","POV_SE",0.000000,0.000000,0.000000,1.000000,0.000000,0.000000,2.309524,10.000000,1.000000,5.000000
3,"OM","POV_SB",2.000000,0.000000,415.886318,1230.000000,0.000000,0.000000,2.309524,10.000000,1.000000,5.000000
3,"OM","COM_GP",0.500000,0.000000,0.000000,9.500000,0.000000,30.000000,2.309524,10.000000,1.000000,5.000000
3,"OM","COM_SP",0.500000,0.000000,0.000000,10.500000,0.000000,30.000000,2.309524,10.000000,1.000000,5.000000
3,"OM","COM_SB",4.000000,0.000000,0.000000,200.000000,0.000000,0.000000,2.309524,10.000000,1.000000,5.000000
3,"OME","POV_GP",3.500000,3.500000,374.167277,266.000000,108.167277,12.199317,2.309524,10.000000,1.000000,5.000000
3,"OME","POV_RE",1.000000,0.000000,64.548702,69.000000,0.000000,0.000000,2.309524,10.000000,1.000000,5.000000
3,"OME","POV_SE",0.500000,0.000000,0.000000,72.500000,0.000000,0.000000,2.309524,10.000000,1.000000,5.000000
3,"OME","POV_SB",3.000000,0.000000,0.000000,1845.000000,0.000000,0.000000,2.309524,10.000000,1.000000,5.000000
3,"OME","COM_GP",0.500000,0.000000,0.000000,9.500000,0.000000,0.000000,2.309524,10.000000,1.000000,5.000000
3,"OME","COM_SP",0.500000,0.000000,0.000000,10.500000,0.000000,0.000000,2.309524,10.000000,1.000000,5.000000
3,"OME","COM_SB",4.000000,0.000000,0.000000,200.000000,0.000000,0.000000,2.309524,10.000000,1.000000,5.000000
4,"SY","POV_GP",15.500000,0.000000,2226.347420,930.000000,1296.347420,41.817659,4.642857,10.000000,1.000000,5.000000
4,"SY","POV_RE",7.000000,0.000000,856.334387,483.000000,373.334387,23.188471,4.642857,10.000000,1.000000,5.000000
4,"SY","POV_SE",1.000000,0.000000,173.606952,145.000000,28.606952,5.918680,4.642857,10.000000,1.000000,5.000000
4,"SY","POV_SB",4.000000,0.000000,328.109203,2460.000000,0.000000,0.000000,4.642857,10.000000,1.000000,5.000000
4,"OM","POV_GP",3.500000,0.000000,502.858857,210.000000,292.858857,41.836980,4.642857,10.000000,1.000000,5.000000
4,"OM","POV_RE",3.000000,0.000000,345.504561,207.000000,138.504561,20.073125,4.642857,10.000000,1.000000,5.000000
4,"OM","POV_SE",0.000000,0.000000,0.000000,1.000000,0.000000,0.000000,4.642857,10.000000,1.000000,5.000000
4,"OM","POV_SB",2.000000,0.000000,96.984966,1230.000000,0.000000,0.000000,4.642857,10.000000,1.000000,5.000000
4,"OM","COM_GP",0.500000,0.000000,0.000000,9.500000,0.000000,30.000000,4.642857,10.000000,1.000000,5.000000
4,"OM","COM_SP",0.500000,0.000000,0.000000,10.500000,0.000000,30.000000,4.642857,10.000000,1.000000,5.000000
4,"OM","COM_SB",4.000000,0.000000,0.000000,200.000000,0.000000,0.000000,4.642857,10.000000,1.000000,5.000000
4,"OME","POV_GP",2.500000,2.500000,265.451506,190.000000,75.451506,11.913396,4.642857,10.000000,1.000000,5.000000
4,"OME","POV_RE",2.000000,1.500000,155.520242,150.000000,5.520242,1.104048,4.642857,10.000000,1.000000,5.000000
4,"OME","POV_SE",0.500000,0.000000,6.044286,72.500000,0.000000,0.000000,4.642857,10.000000,1.000000,5.000000
4,"OME","POV_SB",3.000000,0.000000,0.000000,1845.000000,0.000000,0.000000,4.642857,10.000000,1.000000,5.000000
4,"OME","COM_GP",0.500000,0.000000,0.000000,9.500000,0.000000,0.000000,4.642857,10.000000,1.000000,5.000000
4,"OME","COM_SP",0.500000,0.000000,0.000000,10.500000,0.000000,0.000000,4.642857,10.000000,1.000000,5.000000
4,"OME","COM_SB",4.000000,0.000000,0.000000,200.000000,0.000000,0.000000,4.642857,10.000000,1.000000,5.000000
5,"SY","POV_GP",17.000000,17.000000,3571.326325,1292.000000,2279.326325,52.925534,6.750830,10.000000,1.000000,5.000000
5,"SY","POV_RE",10.500000,10.500000,1660.984187,808.500000,852.484187,31.632066,6.750830,10.000000,1.000000,5.000000
5,"SY","POV_SE",2.000000,0.000000,369.568564,290.000000,79.568564,8.231231,6.750830,10.000000,1.000000,5.000000
5,"SY","POV_SB",4.000000,0.000000,391.046951,2460.000000,0.000000,0.000000,6.750830,10.000000,1.000000,5.000000
5,"OM","POV_GP",3.500000,0.000000,589.298989,210.000000,379.298989,54.185570,6.750830,10.000000,1.000000,5.000000
5,"OM","POV_RE",3.000000,0.000000,427.778263,207.000000,220.778263,31.996850,6.750830,10.000000,1.000000,5.000000
5,"OM","POV_SE",0.000000,0.000000,0.000000,1.000000,0.000000,0.000000,6.750830,10.000000,1.000000,5.000000
5,"OM","POV_SB",2.000000,0.000000,270.328144,1230.000000,0.000000,0.000000,6.750830,10.000000,1.000000,5.000000
5,"OM","COM_GP",0.500000,0.000000,0.000000,9.500000,0.000000,30.000000,6.750830,10.000000,1.000000,5.000000
5,"OM","COM_SP",0.500000,0.000000,0.000000,10.500000,0.000000,30.000000,6.750830,10.000000,1.000000,5.000000
5,"OM","COM_SB",4.000000,0.000000,0.000000,200.000000,0.000000,0.000000,6.750830,10.000000,1.000000,5.000000
5,"OME","POV_GP",1.500000,1.500000,160.167601,114.000000,46.167601,12.149369,6.750830,10.000000,1.000000,5.000000
5,"OME","POV_RE",3.000000,0.000000,223.030119,207.000000,16.030119,2.323206,6.750830,10.000000,1.000000,5.000000
5,"OME","POV_SE",0.500000,0.000000,0.568602,72.500000,0.000000,0.000000,6.750830,10.000000,1.000000,5.000000
5,"OME","POV_SB",3.000000,0.000000,0.000000,1845.000000,0.000000,0.000000,6.750830,10.000000,1.000000,5.000000
5,"OME","COM_GP",0.500000,0.000000,0.000000,9.500000,0.000000,0.000000,6.750830,10.000000,1.000000,5.000000
5,"OME","COM_SP",0.500000,0.000000,0.000000,10.500000,0.000000,0.000000,6.750830,10.000000,1.000000,5.000000
5,"OME","COM_SB",4.000000,0.000000,0.000000,200.000000,0.000000,0.000000,6.750830,10.000000,1.000000,5.000000
6,"SY","POV_GP",16.000000,16.000000,3792.705207,1216.000000,2576.705207,63.570030,8.278608,10.000000,1.000000,5.000000
6,"SY","POV_RE",9.500000,9.500000,1731.747451,731.500000,1000.247451,41.021768,8.278608,10.000000,1.000000,5.000000
6,"SY","POV_SE",4.000000,0.000000,873.497329,580.000000,293.497329,15.180896,8.278608,10.000000,1.000000,5.000000
6,"SY","POV_SB",4.000000,0.000000,575.871501,2460.000000,0.000000,0.000000,8.278608,10.000000,1.000000,5.000000
6,"OM","POV_GP",5.500000,0.000000,1042.055142,330.000000,712.055142,64.732286,8.278608,10.000000,1.000000,5.000000
6,"OM","POV_RE",5.000000,0.000000,798.711238,345.000000,453.711238,39.453151,8.278608,10.000000,1.000000,5.000000
6,"OM","POV_SE",1.500000,0.000000,337.555011,217.500000,120.055011,16.559312,8.278608,10.000000,1.000000,5.000000
6,"OM","POV_SB",2.000000,0.000000,303.207368,1230.000000,0.000000,0.000000,8.278608,10.000000,1.000000,5.000000
6,"OM","COM_GP",0.500000,0.000000,0.000000,9.500000,0.000000,30.000000,8.278608,10.000000,1.000000,5.000000
6,"OM","COM_SP",0.500000,0.000000,0.000000,10.500000,0.000000,30.000000,8.278608,10.000000,1.000000,5.000000
6,"OM","COM_SB",4.000000,0.000000,0.000000,200.000000,0.000000,0.000000,8.278608,10.000000,1.000000,5.000000
6,"OME","POV_GP",5.000000,5.000000,533.254457,380.000000,153.254457,12.099036,8.278608,10.000000,1.000000,5.000000
6,"OME","POV_RE",3.500000,2.000000,324.715725,257.500000,67.215725,7.830958,8.278608,10.000000,1.000000,5.000000
6,"OME","POV_SE",0.500000,0.000000,1.610764,72.500000,0.000000,0.000000,8.278608,10.000000,1.000000,5.000000
6,"OME","POV_SB",3.000000,0.000000,0.000000,1845.000000,0.000000,0.000000,8.278608,10.000000,1.000000,5.000000
6,"OME","COM_GP",0.500000,0.000000,0.000000,9.500000,0.000000,0.000000,8.278608,10.000000,1.000000,5.000000
6,"OME","COM_SP",0.500000,0.000000,0.000000,10.500000,0.000000,0.000000,8.278608,10.000000,1.000000,5.000000
6,"OME","COM_SB",4.000000,0.000000,0.000000,200.000000,0.000000,0.000000,8.278608,10.000000,1.000000,5.000000
7,"SY","POV_GP",14.000000,14.000000,3757.850146,1064.000000,2693.850146,75.954421,12.204798,16.533333,1.000000,5.000000
7,"SY","POV_RE",10.500000,10.500000,2117.063887,808.500000,1308.563887,48.555246,12.204798,16.533333,1.000000,5.000000
7,"SY","POV_SE",5.000000,0.000000,1174.887010,725.000000,449.887010,18.616014,12.204798,16.533333,1.000000,5.000000
7,"SY","POV_SB",4.000000,0.000000,1382.200720,2460.000000,0.000000,0.000000,12.204798,16.533333,1.000000,5.000000
7,"OM","POV_GP",5.500000,0.000000,1162.304744,330.000000,832.304744,75.664068,12.204798,16.533333,1.000000,5.000000
7,"OM","POV_RE",5.500000,0.000000,950.864608,379.500000,571.364608,45.167163,12.204798,16.533333,1.000000,5.000000
7,"OM","POV_SE",1.500000,0.000000,355.615341,217.500000,138.115341,19.050392,12.204798,16.533333,1.000000,5.000000
7,"OM","POV_SB",2.000000,0.000000,642.116600,1230.000000,0.000000,0.000000,12.204798,16.533333,1.000000,5.000000
7,"OM","COM_GP",3.000000,0.000000,103.605459,57.000000,46.605459,54.529189,12.204798,16.533333,1.000000,5.000000
7,"OM","COM_SP",0.500000,0.000000,9.246126,10.500000,0.000000,30.000000,12.204798,16.533333,1.000000,5.000000
7,"OM","COM_SB",4.000000,0.000000,0.000000,200.000000,0.000000,0.000000,12.204798,16.533333,1.000000,5.000000
7,"OME","POV_GP",3.500000,3.500000,367.264432,266.000000,101.264432,11.420801,12.204798,16.533333,1.000000,5.000000
7,"OME","POV_RE",5.000000,4.500000,505.838856,381.000000,124.838856,9.829831,12.204798,16.533333,1.000000,5.000000
7,"OME","POV_SE",0.500000,0.000000,1.094349,72.500000,0.000000,0.000000,12.204798,16.533333,1.000000,5.000000
7,"OME","POV_SB",3.000000,0.000000,0.000000,1845.000000,0.000000,0.000000,12.204798,16.533333,1.000000,5.000000
7,"OME","COM_GP",7.500000,0.000000,174.380839,142.500000,31.880839,6.711756,12.204798,16.533333,1.000000,5.000000
7,"OME","COM_SP",0.500000,0.000000,0.667542,10.500000,0.000000,0.000000,12.204798,16.533333,1.000000,5.000000
7,"OME","COM_SB",4.000000,0.000000,0.000000,200.000000,0.000000,0.000000,12.204798,16.533333,1.000000,5.000000
8,"SY","POV_GP",13.500000,13.500000,3711.421015,1026.000000,2685.421015,78.521082,13.038131,12.982068,1.000000,5.000000
8,"SY","POV_RE",8.500000,8.500000,1764.921932,654.500000,1110.421932,50.897873,13.038131,12.982068,1.000000,5.000000
8,"SY","POV_SE",7.500000,0.000000,1612.879602,1087.500000,525.379602,14.493230,13.038131,12.982068,1.000000,5.000000
8,"SY","POV_SB",4.000000,0.000000,1680.640365,2460.000000,0.000000,0.000000,13.038131,12.982068,1.000000,5.000000
8,"OM","POV_GP",4.000000,0.000000,893.078871,240.000000,653.078871,81.634859,13.038131,12.982068,1.000000,5.000000
8,"OM","POV_RE",4.000000,0.000000,781.371518,276.000000,505.371518,54.931687,13.038131,12.982068,1.000000,5.000000
8,"OM","POV_SE",4.000000,0.000000,903.718647,580.000000,323.718647,16.744068,13.038131,12.982068,1.000000,5.000000
8,"OM","POV_SB",2.000000,0.000000,695.570435,1230.000000,0.000000,0.000000,13.038131,12.982068,1.000000,5.000000
8,"OM","COM_GP",2.000000,0.000000,64.798362,38.000000,26.798362,51.156602,13.038131,12.982068,1.000000,5.000000
8,"OM","COM_SP",0.500000,0.000000,5.720423,10.500000,0.000000,30.000000,13.038131,12.982068,1.000000,5.000000
8,"OM","COM_SB",4.000000,0.000000,0.000000,200.000000,0.000000,0.000000,13.038131,12.982068,1.000000,5.000000
8,"OME","POV_GP",2.500000,2.500000,254.606434,190.000000,64.606434,10.201016,13.038131,12.982068,1.000000,5.000000
8,"OME","POV_RE",6.000000,0.000000,468.540532,414.000000,54.540532,3.952212,13.038131,12.982068,1.000000,5.000000
8,"OME","POV_SE",0.500000,0.000000,0.000000,72.500000,0.000000,0.000000,13.038131,12.982068,1.000000,5.000000
8,"OME","POV_SB",3.000000,0.000000,0.000000,1845.000000,0.000000,0.000000,13.038131,12.982068,1.000000,5.000000
8,"OME","COM_GP",6.500000,0.000000,167.467585,123.500000,43.967585,10.680385,13.038131,12.982068,1.000000,5.000000
8,"OME","COM_SP",1.500000,0.000000,35.447770,31.500000,3.947770,3.759781,13.038131,12.982068,1.000000,5.000000
8,"OME","COM_SB",4.000000,0.000000,0.000000,200.000000,0.000000,0.000000,13.038131,12.982068,1.000000,5.000000
9,"SY","POV_GP",13.500000,13.500000,3260.598301,1026.000000,2234.598301,65.339132,7.798846,15.482068,1.000000,5.000000
9,"SY","POV_RE",9.000000,9.000000,1675.213017,693.000000,982.213017,42.520044,7.798846,15.482068,1.000000,5.000000
9,"SY","POV_SE",7.000000,0.000000,1361.444253,1015.000000,346.444253,10.239732,7.798846,15.482068,1.000000,5.000000
9,"SY","POV_SB",4.000000,0.000000,1589.315390,2460.000000,0.000000,0.000000,7.798846,15.482068,1.000000,5.000000
9,"OM","POV_GP",4.000000,0.000000,755.700480,240.000000,515.700480,64.462560,7.798846,15.482068,1.000000,5.000000
9,"OM","POV_RE",4.000000,0.000000,675.873819,276.000000,399.873819,43.464546,7.798846,15.482068,1.000000,5.000000
9,"OM","POV_SE",4.000000,0.000000,791.622834,580.000000,211.622834,10.946009,7.798846,15.482068,1.000000,5.000000
9,"OM","POV_SB",2.000000,0.000000,1138.788891,1230.000000,0.000000,0.000000,7.798846,15.482068,1.000000,5.000000
9,"OM","COM_GP",2.000000,0.000000,68.664613,38.000000,30.664613,54.208905,7.798846,15.482068,1.000000,5.000000
9,"OM","COM_SP",0.500000,0.000000,11.402332,10.500000,0.902332,32.578090,7.798846,15.482068,1.000000,5.000000
9,"OM","COM_SB",4.000000,0.000000,216.031576,200.000000,16.031576,2.404736,7.798846,15.482068,1.000000,5.000000
9,"OME","POV_GP",4.500000,4.500000,503.688311,342.000000,161.688311,14.183185,7.798846,15.482068,1.000000,5.000000
9,"OME","POV_RE",4.000000,4.000000,409.674051,308.000000,101.674051,9.903317,7.798846,15.482068,1.000000,5.000000
9,"OME","POV_SE",0.500000,0.000000,0.000000,72.500000,0.000000,0.000000,7.798846,15.482068,1.000000,5.000000
9,"OME","POV_SB",3.000000,0.000000,0.000000,1845.000000,0.000000,0.000000,7.798846,15.482068,1.000000,5.000000
9,"OME","COM_GP",6.000000,0.000000,141.685942,114.000000,27.685942,7.285774,7.798846,15.482068,1.000000,5.000000
9,"OME","COM_SP",2.000000,0.000000,46.381096,42.000000,4.381096,3.129355,7.798846,15.482068,1.000000,5.000000
9,"OME","COM_SB",4.000000,0.000000,0.000000,200.000000,0.000000,0.000000,7.798846,15.482068,1.000000,5.000000
10,"SY","POV_GP",12.500000,12.500000,2420.894061,950.000000,1470.894061,46.449286,3.226190,12.308258,1.000000,5.000000
10,"SY","POV_RE",9.000000,9.000000,1296.219989,693.000000,603.219989,26.113419,3.226190,12.308258,1.000000,5.000000
10,"SY","POV_SE",7.000000,0.000000,1282.447250,1015.000000,267.447250,7.904845,3.226190,12.308258,1.000000,5.000000
10,"SY","POV_SB",4.000000,0.000000,2492.804863,2460.000000,32.804863,0.400059,3.226190,12.308258,1.000000,5.000000
10,"OM","POV_GP",5.000000,0.000000,682.984280,300.000000,382.984280,38.298428,3.226190,12.308258,1.000000,5.000000
10,"OM","POV_RE",5.000000,0.000000,600.198550,345.000000,255.198550,22.191178,3.226190,12.308258,1.000000,5.000000
10,"OM","POV_SE",2.000000,0.000000,375.012080,290.000000,85.012080,8.794353,3.226190,12.308258,1.000000,5.000000
10,"OM","POV_SB",2.000000,0.000000,1281.411922,1230.000000,51.411922,1.253949,3.226190,12.308258,1.000000,5.000000
10,"OM","COM_GP",2.000000,0.000000,61.671457,38.000000,23.671457,48.687992,3.226190,12.308258,1.000000,5.000000
10,"OM","COM_SP",0.500000,0.000000,11.241167,10.500000,0.741167,32.117621,3.226190,12.308258,1.000000,5.000000
10,"OM","COM_SB",4.000000,0.000000,278.995926,200.000000,78.995926,11.849389,3.226190,12.308258,1.000000,5.000000
10,"OME","POV_GP",5.000000,5.000000,539.467187,380.000000,159.467187,12.589515,3.226190,12.308258,1.000000,5.000000
10,"OME","POV_RE",3.500000,3.500000,332.009245,269.500000,62.509245,6.958358,3.226190,12.308258,1.000000,5.000000
10,"OME","POV_SE",0.500000,0.000000,25.912967,72.500000,0.000000,0.000000,3.226190,12.308258,1.000000,5.000000
10,"OME","POV_SB",3.000000,0.000000,0.000000,1845.000000,0.000000,0.000000,3.226190,12.308258,1.000000,5.000000
10,"OME","COM_GP",6.000000,0.000000,150.458749,114.000000,36.458749,9.594408,3.226190,12.308258,1.000000,5.000000
10,"OME","COM_SP",2.000000,0.000000,54.229973,42.000000,12.229973,8.735695,3.226190,12.308258,1.000000,5.000000
10,"OME","COM_SB",4.000000,0.000000,35.917645,200.000000,0.000000,0.000000,3.226190,12.308258,1.000000,5.000000
11,"SY","POV_GP",12.500000,12.500000,2085.687562,950.000000,1135.687562,35.863818,2.666667,15.846087,1.000000,5.000000
11,"SY","POV_RE",8.000000,0.000000,911.710543,552.000000,359.710543,19.549486,2.666667,15.846087,1.000000,5.000000
11,"SY","POV_SE",6.000000,0.000000,1111.561559,870.000000,241.561559,8.329709,2.666667,15.846087,1.000000,5.000000
11,"SY","POV_SB",4.000000,0.000000,2495.869437,2460.000000,35.869437,0.437432,2.666667,15.846087,1.000000,5.000000
11,"OM","POV_GP",5.000000,0.000000,619.656721,300.000000,319.656721,31.965672,2.666667,15.846087,1.000000,5.000000
11,"OM","POV_RE",3.000000,0.000000,329.663516,207.000000,122.663516,17.777321,2.666667,15.846087,1.000000,5.000000
11,"OM","POV_SE",1.000000,0.000000,196.967433,145.000000,51.967433,10.751883,2.666667,15.846087,1.000000,5.000000
11,"OM","POV_SB",2.000000,0.000000,1350.772661,1230.000000,120.772661,2.945675,2.666667,15.846087,1.000000,5.000000
11,"OM","COM_GP",1.500000,0.000000,53.504967,28.500000,25.004967,56.321017,2.666667,15.846087,1.000000,5.000000
11,"OM","COM_SP",0.500000,0.000000,10.822884,10.500000,0.322884,30.922525,2.666667,15.846087,1.000000,5.000000
11,"OM","COM_SB",4.000000,0.000000,284.937353,200.000000,84.937353,12.740603,2.666667,15.846087,1.000000,5.000000
11,"OME","POV_GP",5.500000,5.500000,566.618094,418.000000,148.618094,10.666370,2.666667,15.846087,1.000000,5.000000
11,"OME","POV_RE",2.500000,0.000000,201.400034,172.500000,28.900034,5.026093,2.666667,15.846087,1.000000,5.000000
11,"OME","POV_SE",1.000000,0.000000,148.269970,145.000000,3.269970,0.676545,2.666667,15.846087,1.000000,5.000000
11,"OME","POV_SB",3.000000,0.000000,11.791472,1845.000000,0.000000,0.000000,2.666667,15.846087,1.000000,5.000000
11,"OME","COM_GP",6.500000,0.000000,160.404888,123.500000,36.904888,8.964750,2.666667,15.846087,1.000000,5.000000
11,"OME","COM_SP",3.500000,0.000000,77.636303,73.500000,4.136303,1.688287,2.666667,15.846087,1.000000,5.000000
11,"OME","COM_SB",4.000000,0.000000,121.869313,200.000000,0.000000,0.000000,2.666667,15.846087,1.000000,5.000000
12,"SY","POV_GP",12.500000,11.000000,1876.378472,926.000000,950.378472,30.789799,2.533333,17.012754,1.000000,5.000000
12,"SY","POV_RE",7.500000,0.000000,841.072394,517.500000,323.572394,18.757820,2.533333,17.012754,1.000000,5.000000
12,"SY","POV_SE",5.500000,0.000000,999.356538,797.500000,201.856538,7.593349,2.533333,17.012754,1.000000,5.000000
12,"SY","POV_SB",4.000000,0.000000,2497.026685,2460.000000,37.026685,0.451545,2.533333,17.012754,1.000000,5.000000
12,"OM","POV_GP",3.500000,0.000000,425.834206,210.000000,215.834206,30.833458,2.533333,17.012754,1.000000,5.000000
12,"OM","POV_RE",2.000000,0.000000,223.372830,138.000000,85.372830,18.559311,2.533333,17.012754,1.000000,5.000000
12,"OM","POV_SE",1.000000,0.000000,190.688938,145.000000,45.688938,9.452884,2.533333,17.012754,1.000000,5.000000
12,"OM","POV_SB",2.000000,0.000000,1381.615613,1230.000000,151.615613,3.697942,2.533333,17.012754,1.000000,5.000000
12,"OM","COM_GP",3.000000,0.000000,105.134578,57.000000,48.134578,55.333988,2.533333,17.012754,1.000000,5.000000
12,"OM","COM_SP",0.500000,0.000000,11.209703,10.500000,0.709703,32.027723,2.533333,17.012754,1.000000,5.000000
12,"OM","COM_SB",4.000000,0.000000,293.288223,200.000000,93.288223,13.993233,2.533333,17.012754,1.000000,5.000000
12,"OME","POV_GP",5.500000,5.500000,560.366532,418.000000,142.366532,10.217694,2.533333,17.012754,1.000000,5.000000
12,"OME","POV_RE",3.000000,2.500000,279.164762,227.000000,52.164762,6.894021,2.533333,17.012754,1.000000,5.000000
12,"OME","POV_SE",0.500000,0.000000,61.710281,72.500000,0.000000,0.000000,2.533333,17.012754,1.000000,5.000000
12,"OME","POV_SB",3.000000,0.000000,100.754676,1845.000000,0.000000,0.000000,2.533333,17.012754,1.000000,5.000000
12,"OME","COM_GP",5.000000,0.000000,116.469530,95.000000,21.469530,6.779852,2.533333,17.012754,1.000000,5.000000
12,"OME","COM_SP",5.000000,0.000000,107.115161,105.000000,2.115161,0.604332,2.533333,17.012754,1.000000,5.000000
12,"OME","COM_SB",4.000000,0.000000,105.264820,200.000000,0.000000,0.000000,2.533333,17.012754,1.000000,5.000000
13,"SY","POV_GP",12.500000,9.000000,1661.630812,894.000000,767.630812,25.759423,2.000000,11.312872,1.000000,5.000000
13,"SY","POV_RE",5.000000,0.000000,533.749017,345.000000,188.749017,16.412958,2.000000,11.312872,1.000000,5.000000
13,"SY","POV_SE",5.500000,0.000000,1106.367878,797.500000,308.867878,11.618854,2.000000,11.312872,1.000000,5.000000
13,"SY","POV_SB",4.000000,0.000000,2513.417549,2460.000000,53.417549,0.651434,2.000000,11.312872,1.000000,5.000000
13,"OM","POV_GP",3.000000,0.000000,333.022593,180.000000,153.022593,25.503765,2.000000,11.312872,1.000000,5.000000
13,"OM","POV_RE",1.000000,0.000000,104.876447,69.000000,35.876447,15.598455,2.000000,11.312872,1.000000,5.000000
13,"OM","POV_SE",2.000000,0.000000,377.005424,290.000000,87.005424,9.000561,2.000000,11.312872,1.000000,5.000000
13,"OM","POV_SB",2.000000,0.000000,1380.211222,1230.000000,150.211222,3.663688,2.000000,11.312872,1.000000,5.000000
13,"OM","COM_GP",2.000000,0.000000,57.297381,38.000000,19.297381,45.234774,2.000000,11.312872,1.000000,5.000000
13,"OM","COM_SP",0.500000,0.000000,5.532332,10.500000,0.000000,30.000000,2.000000,11.312872,1.000000,5.000000
13,"OM","COM_SB",4.000000,0.000000,285.022348,200.000000,85.022348,12.753352,2.000000,11.312872,1.000000,5.000000
13,"OME","POV_GP",6.500000,6.000000,572.542645,486.000000,86.542645,5.342139,2.000000,11.312872,1.000000,5.000000
13,"OME","POV_RE",1.500000,0.000000,114.205037,103.500000,10.705037,3.102909,2.000000,11.312872,1.000000,5.000000
13,"OME","POV_SE",1.000000,0.000000,162.418827,145.000000,17.418827,3.603895,2.000000,11.312872,1.000000,5.000000
13,"OME","POV_SB",3.000000,0.000000,69.230311,1845.000000,0.000000,0.000000,2.000000,11.312872,1.000000,5.000000
13,"OME","COM_GP",5.000000,0.000000,122.318322,95.000000,27.318322,8.626839,2.000000,11.312872,1.000000,5.000000
13,"OME","COM_SP",2.000000,0.000000,51.499343,42.000000,9.499343,6.785245,2.000000,11.312872,1.000000,5.000000
13,"OME","COM_SB",4.000000,0.000000,116.652881,200.000000,0.000000,0.000000,2.000000,11.312872,1.000000,5.000000
14,"SY","POV_GP",10.500000,0.000000,1231.360855,630.000000,601.360855,28.636231,2.000000,13.416083,1.000000,5.000000
14,"SY","POV_RE",6.500000,0.000000,770.070308,448.500000,321.570308,21.509720,2.000000,13.416083,1.000000,5.000000
14,"SY","POV_SE",5.000000,0.000000,930.311488,725.000000,205.311488,8.495648,2.000000,13.416083,1.000000,5.000000
14,"SY","POV_SB",4.000000,0.000000,2552.838797,2460.000000,92.838797,1.132180,2.000000,13.416083,1.000000,5.000000
14,"OM","POV_GP",1.500000,0.000000,180.654608,90.000000,90.654608,30.218203,2.000000,13.416083,1.000000,5.000000
14,"OM","POV_RE",1.000000,0.000000,112.955564,69.000000,43.955564,19.111115,2.000000,13.416083,1.000000,5.000000
14,"OM","POV_SE",1.500000,0.000000,280.313635,217.500000,62.813635,8.663950,2.000000,13.416083,1.000000,5.000000
14,"OM","POV_SB",2.000000,0.000000,1380.268177,1230.000000,150.268177,3.665077,2.000000,13.416083,1.000000,5.000000
14,"OM","COM_GP",2.000000,0.000000,60.294805,38.000000,22.294805,47.601162,2.000000,13.416083,1.000000,5.000000
14,"OM","COM_SP",0.500000,0.000000,10.656094,10.500000,0.156094,30.445982,2.000000,13.416083,1.000000,5.000000
14,"OM","COM_SB",4.000000,0.000000,292.652935,200.000000,92.652935,13.897940,2.000000,13.416083,1.000000,5.000000
14,"OME","POV_GP",4.000000,4.000000,400.241809,304.000000,96.241809,9.497547,2.000000,13.416083,1.000000,5.000000
14,"OME","POV_RE",4.000000,0.000000,342.956399,276.000000,66.956399,7.277869,2.000000,13.416083,1.000000,5.000000
14,"OME","POV_SE",0.500000,0.000000,75.845404,72.500000,3.345404,1.384305,2.000000,13.416083,1.000000,5.000000
14,"OME","POV_SB",3.000000,0.000000,44.738579,1845.000000,0.000000,0.000000,2.000000,13.416083,1.000000,5.000000
14,"OME","COM_GP",6.500000,0.000000,156.661436,123.500000,33.161436,8.055410,2.000000,13.416083,1.000000,5.000000
14,"OME","COM_SP",2.500000,0.000000,58.552832,52.500000,6.052832,3.458761,2.000000,13.416083,1.000000,5.000000
14,"OME","COM_SB",4.000000,0.000000,97.534766,200.000000,0.000000,0.000000,2.000000,13.416083,1.000000,5.000000
15,"SY","POV_GP",10.500000,0.000000,1231.011401,630.000000,601.011401,28.619591,2.000000,16.050606,1.000000,5.000000
15,"SY","POV_RE",5.000000,0.000000,567.817984,345.000000,222.817984,19.375477,2.000000,16.050606,1.000000,5.000000
15,"SY","POV_SE",5.000000,0.000000,947.799152,725.000000,222.799152,9.219275,2.000000,16.050606,1.000000,5.000000
15,"SY","POV_SB",4.000000,0.000000,2585.224545,2460.000000,125.224545,1.527129,2.000000,16.050606,1.000000,5.000000
15,"OM","POV_GP",1.000000,0.000000,118.351559,60.000000,58.351559,29.175780,2.000000,16.050606,1.000000,5.000000
15,"OM","POV_RE",2.500000,0.000000,263.178004,172.500000,90.678004,15.770088,2.000000,16.050606,1.000000,5.000000
15,"OM","POV_SE",2.000000,0.000000,391.004680,290.000000,101.004680,10.448760,2.000000,16.050606,1.000000,5.000000
15,"OM","POV_SB",2.000000,0.000000,1383.805674,1230.000000,153.805674,3.751358,2.000000,16.050606,1.000000,5.000000
15,"OM","COM_GP",4.000000,0.000000,139.458787,76.000000,63.458787,55.049521,2.000000,16.050606,1.000000,5.000000
15,"OM","COM_SP",1.000000,0.000000,26.117693,21.000000,5.117693,37.310990,2.000000,16.050606,1.000000,5.000000
15,"OM","COM_SB",4.000000,0.000000,284.038273,200.000000,84.038273,12.605741,2.000000,16.050606,1.000000,5.000000
15,"OME","POV_GP",5.500000,4.000000,504.750030,394.000000,110.750030,8.432743,2.000000,16.050606,1.000000,5.000000
15,"OME","POV_RE",2.000000,0.000000,168.584157,138.000000,30.584157,6.648730,2.000000,16.050606,1.000000,5.000000
15,"OME","POV_SE",1.000000,0.000000,150.499168,145.000000,5.499168,1.137759,2.000000,16.050606,1.000000,5.000000
15,"OME","POV_SB",3.000000,0.000000,128.137504,1845.000000,0.000000,0.000000,2.000000,16.050606,1.000000,5.000000
15,"OME","COM_GP",5.000000,0.000000,120.642689,95.000000,25.642689,8.097691,2.000000,16.050606,1.000000,5.000000
15,"OME","COM_SP",5.000000,0.000000,124.300523,105.000000,19.300523,5.514435,2.000000,16.050606,1.000000,5.000000
15,"OME","COM_SB",4.000000,0.000000,89.473510,200.000000,0.000000,0.000000,2.000000,16.050606,1.000000,5.000000
16,"SY","POV_GP",10.500000,0.000000,1212.403412,630.000000,582.403412,27.733496,2.000000,17.250606,1.000000,5.000000
16,"SY","POV_RE",5.000000,0.000000,613.747732,345.000000,268.747732,23.369368,2.000000,17.250606,1.000000,5.000000
16,"SY","POV_SE",5.000000,0.000000,921.206185,725.000000,196.206185,8.118877,2.000000,17.250606,1.000000,5.000000
16,"SY","POV_SB",4.000000,0.000000,2615.488809,2460.000000,155.488809,1.896205,2.000000,17.250606,1.000000,5.000000
16,"OM","POV_GP",1.000000,0.000000,115.870830,60.000000,55.870830,27.935415,2.000000,17.250606,1.000000,5.000000
16,"OM","POV_RE",2.500000,0.000000,291.397321,172.500000,118.897321,20.677795,2.000000,17.250606,1.000000,5.000000
16,"OM","POV_SE",1.500000,0.000000,282.211633,217.500000,64.711633,8.925743,2.000000,17.250606,1.000000,5.000000
16,"OM","POV_SB",2.000000,0.000000,1418.738907,1230.000000,188.738907,4.603388,2.000000,17.250606,1.000000,5.000000
16,"OM","COM_GP",5.000000,0.000000,178.585540,95.000000,83.585540,56.395434,2.000000,17.250606,1.000000,5.000000
16,"OM","COM_SP",1.000000,0.000000,25.550934,21.000000,4.550934,36.501334,2.000000,17.250606,1.000000,5.000000
16,"OM","COM_SB",4.000000,0.000000,282.114999,200.000000,82.114999,12.317250,2.000000,17.250606,1.000000,5.000000
16,"OME","POV_GP",5.000000,3.500000,455.252138,356.000000,99.252138,8.363944,2.000000,17.250606,1.000000,5.000000
16,"OME","POV_RE",3.000000,0.500000,269.381784,211.000000,58.381784,8.300728,2.000000,17.250606,1.000000,5.000000
16,"OME","POV_SE",1.000000,0.000000,102.101733,145.000000,0.000000,0.000000,2.000000,17.250606,1.000000,5.000000
16,"OME","POV_SB",3.000000,0.000000,937.754088,1845.000000,0.000000,0.000000,2.000000,17.250606,1.000000,5.000000
16,"OME","COM_GP",4.500000,0.000000,104.514884,85.500000,19.014884,6.671889,2.000000,17.250606,1.000000,5.000000
16,"OME","COM_SP",5.500000,0.000000,126.259713,115.500000,10.759713,2.794731,2.000000,17.250606,1.000000,5.000000
16,"OME","COM_SB",4.000000,0.000000,74.362840,200.000000,0.000000,0.000000,2.000000,17.250606,1.000000,5.000000
17,"SY","POV_GP",10.500000,0.000000,1184.164276,630.000000,554.164276,26.388775,2.000000,10.436111,1.000000,5.000000
17,"SY","POV_RE",4.500000,0.000000,517.455977,310.500000,206.955977,19.995747,2.000000,10.436111,1.000000,5.000000
17,"SY","POV_SE",4.500000,0.000000,847.631182,652.500000,195.131182,8.971549,2.000000,10.436111,1.000000,5.000000
17,"SY","POV_SB",4.000000,0.000000,2896.652878,2460.000000,436.652878,5.325035,2.000000,10.436111,1.000000,5.000000
17,"OM","POV_GP",1.000000,0.000000,112.613353,60.000000,52.613353,26.306677,2.000000,10.436111,1.000000,5.000000
17,"OM","POV_RE",2.000000,0.000000,218.094250,138.000000,80.094250,17.411794,2.000000,10.436111,1.000000,5.000000
17,"OM","POV_SE",1.500000,0.000000,273.317608,217.500000,55.817608,7.698980,2.000000,10.436111,1.000000,5.000000
17,"OM","POV_SB",2.000000,0.000000,1520.285455,1230.000000,290.285455,7.080133,2.000000,10.436111,1.000000,5.000000
17,"OM","COM_GP",3.000000,0.000000,98.101683,57.000000,41.101683,51.632465,2.000000,10.436111,1.000000,5.000000
17,"OM","COM_SP",0.500000,0.000000,9.447207,10.500000,0.000000,30.000000,2.000000,10.436111,1.000000,5.000000
17,"OM","COM_SB",4.000000,0.000000,287.793249,200.000000,87.793249,13.168987,2.000000,10.436111,1.000000,5.000000
17,"OME","POV_GP",5.000000,3.000000,424.397497,348.000000,76.397497,6.585991,2.000000,10.436111,1.000000,5.000000
17,"OME","POV_RE",1.500000,0.000000,123.856313,103.500000,20.356313,5.900380,2.000000,10.436111,1.000000,5.000000
17,"OME","POV_SE",0.500000,0.000000,60.798815,72.500000,0.000000,0.000000,2.000000,10.436111,1.000000,5.000000
17,"OME","POV_SB",3.000000,0.000000,1423.862716,1845.000000,0.000000,0.000000,2.000000,10.436111,1.000000,5.000000
17,"OME","COM_GP",6.500000,0.000000,161.827149,123.500000,38.327149,9.310239,2.000000,10.436111,1.000000,5.000000
17,"OME","COM_SP",3.000000,0.000000,78.242921,63.000000,15.242921,7.258534,2.000000,10.436111,1.000000,5.000000
17,"OME","COM_SB",4.000000,0.000000,86.254301,200.000000,0.000000,0.000000,2.000000,10.436111,1.000000,5.000000
18,"SY","POV_GP",10.500000,0.000000,1256.773925,630.000000,626.773925,29.846377,2.000000,16.298341,1.000000,5.000000
18,"SY","POV_RE",5.000000,0.000000,593.631751,345.000000,248.631751,21.620152,2.000000,16.298341,1.000000,5.000000
18,"SY","POV_SE",3.500000,0.000000,640.287097,507.500000,132.787097,7.849484,2.000000,16.298341,1.000000,5.000000
18,"SY","POV_SB",4.000000,0.000000,2966.477769,2460.000000,506.477769,6.176558,2.000000,16.298341,1.000000,5.000000
18,"OM","POV_GP",1.000000,0.000000,118.268596,60.000000,58.268596,29.134298,2.000000,16.298341,1.000000,5.000000
18,"OM","POV_RE",3.000000,0.000000,321.989899,207.000000,114.989899,16.665203,2.000000,16.298341,1.000000,5.000000
18,"OM","POV_SE",1.500000,0.000000,266.690895,217.500000,49.190895,6.784951,2.000000,16.298341,1.000000,5.000000
18,"OM","POV_SB",2.000000,0.000000,1523.532032,1230.000000,293.532032,7.159318,2.000000,16.298341,1.000000,5.000000
18,"OM","COM_GP",3.000000,0.000000,105.144814,57.000000,48.144814,55.339376,2.000000,16.298341,1.000000,5.000000
18,"OM","COM_SP",0.500000,0.000000,11.850616,10.500000,1.350616,33.858901,2.000000,16.298341,1.000000,5.000000
18,"OM","COM_SB",4.000000,0.000000,297.279923,200.000000,97.279923,14.591988,2.000000,16.298341,1.000000,5.000000
18,"OME","POV_GP",6.000000,3.500000,551.158516,416.000000,135.158516,9.747008,2.000000,16.298341,1.000000,5.000000
18,"OME","POV_RE",2.000000,0.000000,171.303418,138.000000,33.303418,7.239874,2.000000,16.298341,1.000000,5.000000
18,"OME","POV_SE",0.500000,0.000000,41.342767,72.500000,0.000000,0.000000,2.000000,16.298341,1.000000,5.000000
18,"OME","POV_SB",3.000000,0.000000,1143.758137,1845.000000,0.000000,0.000000,2.000000,16.298341,1.000000,5.000000
18,"OME","COM_GP",7.000000,0.000000,161.185445,133.000000,28.185445,6.357619,2.000000,16.298341,1.000000,5.000000
18,"OME","COM_SP",3.000000,0.000000,70.276070,63.000000,7.276070,3.464795,2.000000,16.298341,1.000000,5.000000
18,"OME","COM_SB",4.000000,0.000000,61.160359,200.000000,0.000000,0.000000,2.000000,16.298341,1.000000,5.000000
19,"SY","POV_GP",9.000000,0.000000,1023.801650,540.000000,483.801650,26.877869,2.000000,15.022944,1.000000,5.000000
19,"SY","POV_RE",4.000000,0.000000,448.082576,276.000000,172.082576,18.704628,2.000000,15.022944,1.000000,5.000000
19,"SY","POV_SE",3.500000,0.000000,726.917374,507.500000,219.417374,12.970485,2.000000,15.022944,1.000000,5.000000
19,"SY","POV_SB",4.000000,0.000000,2871.363845,2460.000000,411.363845,5.016632,2.000000,15.022944,1.000000,5.000000
19,"OM","POV_GP",1.000000,0.000000,114.550518,60.000000,54.550518,27.275259,2.000000,15.022944,1.000000,5.000000
19,"OM","POV_RE",2.000000,0.000000,213.218452,138.000000,75.218452,16.351837,2.000000,15.022944,1.000000,5.000000
19,"OM","POV_SE",2.000000,0.000000,395.879738,290.000000,105.879738,10.953076,2.000000,15.022944,1.000000,5.000000
19,"OM","POV_SB",2.000000,0.000000,1506.674075,1230.000000,276.674075,6.748148,2.000000,15.022944,1.000000,5.000000
19,"OM","COM_GP",2.000000,0.000000,68.205974,38.000000,30.205974,53.846822,2.000000,15.022944,1.000000,5.000000
19,"OM","COM_SP",0.500000,0.000000,12.695146,10.500000,2.195146,36.271845,2.000000,15.022944,1.000000,5.000000
19,"OM","COM_SB",4.000000,0.000000,284.440383,200.000000,84.440383,12.666057,2.000000,15.022944,1.000000,5.000000
19,"OME","POV_GP",4.000000,0.000000,302.653151,240.000000,62.653151,7.831644,2.000000,15.022944,1.000000,5.000000
19,"OME","POV_RE",2.500000,0.000000,191.724048,172.500000,19.224048,3.343313,2.000000,15.022944,1.000000,5.000000
19,"OME","POV_SE",0.500000,0.000000,81.388743,72.500000,8.888743,3.678101,2.000000,15.022944,1.000000,5.000000
19,"OME","POV_SB",3.000000,0.000000,1032.129383,1845.000000,0.000000,0.000000,2.000000,15.022944,1.000000,5.000000
19,"OME","COM_GP",6.500000,0.000000,165.452700,123.500000,41.952700,10.190939,2.000000,15.022944,1.000000,5.000000
19,"OME","COM_SP",3.500000,0.000000,88.577227,73.500000,15.077227,6.153970,2.000000,15.022944,1.000000,5.000000
19,"OME","COM_SB",4.000000,0.000000,49.340823,200.000000,0.000000,0.000000,2.000000,15.022944,1.000000,5.000000
20,"SY","POV_GP",9.000000,0.000000,1124.572129,540.000000,584.572129,32.476229,2.583333,10.000000,1.000000,5.000000
20,"SY","POV_RE",4.500000,0.000000,516.892452,310.500000,206.392452,19.941300,2.583333,10.000000,1.000000,5.000000
20,"SY","POV_SE",3.500000,0.000000,730.809899,507.500000,223.309899,13.200585,2.583333,10.000000,1.000000,5.000000
20,"SY","POV_SB",4.000000,0.000000,2429.647965,2460.000000,0.000000,0.000000,2.583333,10.000000,1.000000,5.000000
20,"OM","POV_GP",1.500000,0.000000,183.281114,90.000000,93.281114,31.093705,2.583333,10.000000,1.000000,5.000000
20,"OM","POV_RE",2.500000,0.000000,272.973269,172.500000,100.473269,17.473612,2.583333,10.000000,1.000000,5.000000
20,"OM","POV_SE",1.500000,0.000000,294.880045,217.500000,77.380045,10.673110,2.583333,10.000000,1.000000,5.000000
20,"OM","POV_SB",2.000000,0.000000,1339.682563,1230.000000,109.682563,2.675184,2.583333,10.000000,1.000000,5.000000
20,"OM","COM_GP",1.000000,0.000000,30.205974,19.000000,11.205974,47.693644,2.583333,10.000000,1.000000,5.000000
20,"OM","COM_SP",0.500000,0.000000,2.587871,10.500000,0.000000,30.000000,2.583333,10.000000,1.000000,5.000000
20,"OM","COM_SB",4.000000,0.000000,243.160835,200.000000,43.160835,6.474125,2.583333,10.000000,1.000000,5.000000
20,"OME","POV_GP",4.500000,4.500000,456.805780,342.000000,114.805780,10.070682,2.583333,10.000000,1.000000,5.000000
20,"OME","POV_RE",2.500000,2.000000,220.909380,188.500000,32.409380,5.157991,2.583333,10.000000,1.000000,5.000000
20,"OME","POV_SE",1.500000,0.000000,217.834155,217.500000,0.334155,0.046090,2.583333,10.000000,1.000000,5.000000
20,"OME","POV_SB",3.000000,0.000000,10.471270,1845.000000,0.000000,0.000000,2.583333,10.000000,1.000000,5.000000
20,"OME","COM_GP",2.000000,0.000000,41.952700,38.000000,3.952700,3.120553,2.583333,10.000000,1.000000,5.000000
20,"OME","COM_SP",3.000000,0.000000,75.909518,63.000000,12.909518,6.147389,2.583333,10.000000,1.000000,5.000000
20,"OME","COM_SB",4.000000,0.000000,6.617615,200.000000,0.000000,0.000000,2.583333,10.000000,1.000000,5.000000
21,"SY","POV_GP",9.000000,0.000000,1152.847943,540.000000,612.847943,34.047108,2.250000,10.000000,1.000000,5.000000
21,"SY","POV_RE",5.500000,0.000000,624.688623,379.500000,245.188623,19.382500,2.250000,10.000000,1.000000,5.000000
21,"SY","POV_SE",3.000000,0.000000,584.722159,435.000000,149.722159,10.325666,2.250000,10.000000,1.000000,5.000000
21,"SY","POV_SB",4.000000,0.000000,1688.960073,2460.000000,0.000000,0.000000,2.250000,10.000000,1.000000,5.000000
21,"OM","POV_GP",2.000000,0.000000,246.300503,120.000000,126.300503,31.575126,2.250000,10.000000,1.000000,5.000000
21,"OM","POV_RE",2.500000,0.000000,255.909158,172.500000,83.409158,14.505940,2.250000,10.000000,1.000000,5.000000
21,"OM","POV_SE",1.000000,0.000000,186.474635,145.000000,41.474635,8.580959,2.250000,10.000000,1.000000,5.000000
21,"OM","POV_SB",2.000000,0.000000,1173.990422,1230.000000,0.000000,0.000000,2.250000,10.000000,1.000000,5.000000
21,"OM","COM_GP",0.500000,0.000000,11.205974,9.500000,1.705974,35.387287,2.250000,10.000000,1.000000,5.000000
21,"OM","COM_SP",0.500000,0.000000,0.000000,10.500000,0.000000,30.000000,2.250000,10.000000,1.000000,5.000000
21,"OM","COM_SB",4.000000,0.000000,43.160835,200.000000,0.000000,0.000000,2.250000,10.000000,1.000000,5.000000
21,"OME","POV_GP",5.500000,5.500000,571.337844,418.000000,153.337844,11.005108,2.250000,10.000000,1.000000,5.000000
21,"OME","POV_RE",2.500000,0.000000,192.963926,172.500000,20.463926,3.558944,2.250000,10.000000,1.000000,5.000000
21,"OME","POV_SE",0.500000,0.000000,69.276121,72.500000,0.000000,0.000000,2.250000,10.000000,1.000000,5.000000
21,"OME","POV_SB",3.000000,0.000000,0.000000,1845.000000,0.000000,0.000000,2.250000,10.000000,1.000000,5.000000
21,"OME","COM_GP",0.500000,0.000000,3.952700,9.500000,0.000000,0.000000,2.250000,10.000000,1.000000,5.000000
21,"OME","COM_SP",2.000000,0.000000,47.904289,42.000000,5.904289,4.217349,2.250000,10.000000,1.000000,5.000000
21,"OME","COM_SB",4.000000,0.000000,0.000000,200.000000,0.000000,0.000000,2.250000,10.000000,1.000000,5.000000
22,"SY","POV_GP",9.000000,0.000000,1167.419024,540.000000,627.419024,34.856612,3.250000,10.000000,1.000000,5.000000
22,"SY","POV_RE",4.000000,0.000000,479.886713,276.000000,203.886713,22.161599,3.250000,10.000000,1.000000,5.000000
22,"SY","POV_SE",2.500000,0.000000,503.392823,362.500000,140.892823,11.660096,3.250000,10.000000,1.000000,5.000000
22,"SY","POV_SB",4.000000,0.000000,1387.269746,2460.000000,0.000000,0.000000,3.250000,10.000000,1.000000,5.000000
22,"OM","POV_GP",2.000000,0.000000,255.622069,120.000000,135.622069,33.905517,3.250000,10.000000,1.000000,5.000000
22,"OM","POV_RE",2.000000,0.000000,225.061647,138.000000,87.061647,18.926445,3.250000,10.000000,1.000000,5.000000
22,"OM","POV_SE",1.000000,0.000000,192.735444,145.000000,47.735444,9.876299,3.250000,10.000000,1.000000,5.000000
22,"OM","POV_SB",2.000000,0.000000,982.201869,1230.000000,0.000000,0.000000,3.250000,10.000000,1.000000,5.000000
22,"OM","COM_GP",0.500000,0.000000,1.705974,9.500000,0.000000,30.000000,3.250000,10.000000,1.000000,5.000000
22,"OM","COM_SP",0.500000,0.000000,0.000000,10.500000,0.000000,30.000000,3.250000,10.000000,1.000000,5.000000
22,"OM","COM_SB",4.000000,0.000000,0.000000,200.000000,0.000000,0.000000,3.250000,10.000000,1.000000,5.000000
22,"OME","POV_GP",2.500000,2.500000,263.167544,190.000000,73.167544,11.552770,3.250000,10.000000,1.000000,5.000000
22,"OME","POV_RE",2.000000,0.000000,144.509673,138.000000,6.509673,1.415146,3.250000,10.000000,1.000000,5.000000
22,"OME","POV_SE",0.500000,0.000000,16.589729,72.500000,0.000000,0.000000,3.250000,10.000000,1.000000,5.000000
22,"OME","POV_SB",3.000000,0.000000,0.000000,1845.000000,0.000000,0.000000,3.250000,10.000000,1.000000,5.000000
22,"OME","COM_GP",0.500000,0.000000,0.000000,9.500000,0.000000,0.000000,3.250000,10.000000,1.000000,5.000000
22,"OME","COM_SP",0.500000,0.000000,5.904289,10.500000,0.000000,0.000000,3.250000,10.000000,1.000000,5.000000
22,"OME","COM_SB",4.000000,0.000000,0.000000,200.000000,0.000000,0.000000,3.250000,10.000000,1.000000,5.000000
23,"SY","POV_GP",9.000000,0.000000,1079.965808,540.000000,539.965808,29.998100,2.500000,10.000000,1.000000,5.000000
23,"SY","POV_RE",3.500000,0.000000,390.727805,241.500000,149.227805,18.537616,2.500000,10.000000,1.000000,5.000000
23,"SY","POV_SE",1.000000,0.000000,208.774338,145.000000,63.774338,13.194691,2.500000,10.000000,1.000000,5.000000
23,"SY","POV_SB",4.000000,0.000000,1363.526337,2460.000000,0.000000,0.000000,2.500000,10.000000,1.000000,5.000000
23,"OM","POV_GP",2.500000,0.000000,301.904681,150.000000,151.904681,30.380936,2.500000,10.000000,1.000000,5.000000
23,"OM","POV_RE",1.500000,0.000000,158.113335,103.500000,54.613335,15.829952,2.500000,10.000000,1.000000,5.000000
23,"OM","POV_SE",1.500000,0.000000,265.728731,217.500000,48.228731,6.652239,2.500000,10.000000,1.000000,5.000000
23,"OM","POV_SB",2.000000,0.000000,622.148959,1230.000000,0.000000,0.000000,2.500000,10.000000,1.000000,5.000000
23,"OM","COM_GP",0.500000,0.000000,0.000000,9.500000,0.000000,30.000000,2.500000,10.000000,1.000000,5.000000
23,"OM","COM_SP",0.500000,0.000000,0.000000,10.500000,0.000000,30.000000,2.500000,10.000000,1.000000,5.000000
23,"OM","COM_SB",4.000000,0.000000,0.000000,200.000000,0.000000,0.000000,2.500000,10.000000,1.000000,5.000000
23,"OME","POV_GP",2.500000,2.500000,253.729934,190.000000,63.729934,10.062621,2.500000,10.000000,1.000000,5.000000
23,"OME","POV_RE",2.000000,1.500000,166.560329,150.000000,16.560329,3.312066,2.500000,10.000000,1.000000,5.000000
23,"OME","POV_SE",0.500000,0.000000,28.957587,72.500000,0.000000,0.000000,2.500000,10.000000,1.000000,5.000000
23,"OME","POV_SB",3.000000,0.000000,0.000000,1845.000000,0.000000,0.000000,2.500000,10.000000,1.000000,5.000000
23,"OME","COM_GP",0.500000,0.000000,0.000000,9.500000,0.000000,0.000000,2.500000,10.000000,1.000000,5.000000
23,"OME","COM_SP",0.500000,0.000000,0.000000,10.500000,0.000000,0.000000,2.500000,10.000000,1.000000,5.000000
23,"OME","COM_SB",4.000000,0.000000,0.000000,200.000000,0.000000,0.000000,2.500000,10.000000,1.000000,5.000000
24,"SY","POV_GP",5.500000,0.000000,636.054643,330.000000,306.054643,27.823149,2.000000,10.000000,1.000000,5.000000
24,"SY","POV_RE",2.500000,0.000000,286.884887,172.500000,114.384887,19.893024,2.000000,10.000000,1.000000,5.000000
24,"SY","POV_SE",1.000000,0.000000,184.224280,145.000000,39.224280,8.115368,2.000000,10.000000,1.000000,5.000000
24,"SY","POV_SB",4.000000,0.000000,892.797089,2460.000000,0.000000,0.000000,2.000000,10.000000,1.000000,5.000000
24,"OM","POV_GP",1.500000,0.000000,168.799423,90.000000,78.799423,26.266474,2.000000,10.000000,1.000000,5.000000
24,"OM","POV_RE",1.000000,0.000000,106.234740,69.000000,37.234740,16.189018,2.000000,10.000000,1.000000,5.000000
24,"OM","POV_SE",0.500000,0.000000,91.246568,72.500000,18.746568,7.757201,2.000000,10.000000,1.000000,5.000000
24,"OM","POV_SB",2.000000,0.000000,810.379303,1230.000000,0.000000,0.000000,2.000000,10.000000,1.000000,5.000000
24,"OM","COM_GP",0.500000,0.000000,0.000000,9.500000,0.000000,30.000000,2.000000,10.000000,1.000000,5.000000
24,"OM","COM_SP",0.500000,0.000000,0.000000,10.500000,0.000000,30.000000,2.000000,10.000000,1.000000,5.000000
24,"OM","COM_SB",4.000000,0.000000,0.000000,200.000000,0.000000,0.000000,2.000000,10.000000,1.000000,5.000000
24,"OME","POV_GP",2.500000,0.500000,186.858054,158.000000,28.858054,5.479377,2.000000,10.000000,1.000000,5.000000
24,"OME","POV_RE",2.000000,0.000000,158.519195,138.000000,20.519195,4.460695,2.000000,10.000000,1.000000,5.000000
24,"OME","POV_SE",0.500000,0.000000,57.357115,72.500000,0.000000,0.000000,2.000000,10.000000,1.000000,5.000000
24,"OME","POV_SB",3.000000,0.000000,0.000000,1845.000000,0.000000,0.000000,2.000000,10.000000,1.000000,5.000000
24,"OME","COM_GP",0.500000,0.000000,0.000000,9.500000,0.000000,0.000000,2.000000,10.000000,1.000000,5.000000
24,"OME","COM_SP",0.500000,0.000000,0.000000,10.500000,0.000000,0.000000,2.000000,10.000000,1.000000,5.000000
24,"OME","COM_SB",4.000000,0.000000,0.000000,200.000000,0.000000,0.000000,2.000000,10.000000,1.000000,5.000000
